0	sorry, i, flaked, last, night, shit, seriously, goin, down, with, my, roommate, what, you, up, to, tonight
0	he, said, i, look, pretty, wif, long, hair, wat, but, i, thk, he, cutting, quite, short, me, leh
0	ranjith, cal, drpd, deeraj, and, deepak, min, hold
0	cheer, for, callin, babesozi, culdnt, talkbut, i, wannatell, u, detail, later, wenwecan, chat, properly, x
0	hey, u, still, at, the, gym
0	she, said, do, u, mind, if, i, go, into, the, bedroom, for, a, minute, ok, i, sed, in, a, sexy, mood, she, came, out, minuts, latr, wid, a, caken, my, wife
0	much, better, now, thanks, lol
0	nothing, smsing, u, n, xy, lor, sorry, lor, da, guy, neva, c, u, in, person, but, they, sort, of, know, u, lor, so, u, wan, meet, them, xy, ask, me, bring, u, along, our, next, meeting
0	lemme, know, when, i, can, swing, by, and, pick, up, im, free, basically, any, time, after, all, this, semester
0	wa, u, so, efficient, gee, thanx
0	s, but, not, able, to, sleep
0	we, will, meet, soon, princess, ttyl
0	ill, pick, you, up, at, about, pm, to, go, to, taunton, if, you, still, want, to, come
0	oh, only, outside, player, allowed, to, play, know
0	i, anything, lor
0	erutupalam, thandiyachu
0	y, cant, u, try, new, invention, to, flyim, not, joking
0	noits, ful, of, song, lyric
0	what, do, u, reckon, a, need, arrange, transport, if, u, cant, do, it, thanks
0	true, lov, n, care, wil, nevr, go, unrecognized, though, somone, often, make, mistake, when, valuing, it, but, they, will, definitly, undrstnd, once, when, they, start, missing, it
0	shopping, eh, ger, i, toking, abt, syd, lehhaha
0	what, not, under, standing
0	have, good, weekend
0	miss, call, miss, call, khelate, kintu, opponenter, miss, call, dhorte, lage, thats, d, rule, one, with, great, phone, receiving, quality, win
0	call, me, when, you, get, the, chance, plz, lt
0	the, new, deus, ex, game, comin, early, next, yr
0	my, computer, just, fried, the, only, essential, part, we, dont, keep, spare, of, because, my, fucking, idiot, roommate, looovvve, leaving, the, thing, running, on, full, ltgt
0	my, friend, shes, studying, at, warwick, weve, planned, to, go, shopping, and, to, concert, tmw, but, it, may, be, canceled, havnt, seen, for, age, yeah, we, should, get, together, sometime
0	probably, a, couple, hour, top
0	lol, grin, im, not, babe, but, thanks, for, thinking, of, me
0	man, this, bus, is, so, so, so, slow, i, think, youre, gonna, get, there, before, me
0	hope, this, text, meet, you, smiling, if, not, then, let, this, text, give, you, a, reason, to, smile, have, a, beautiful, day
0	in, case, you, wake, up, wondering, where, i, am, i, forgot, i, have, to, take, care, of, something, for, grandma, today, should, be, done, before, the, parade
0	ok
0	nvm, take, ur, time
0	so, wats, da, decision
0	wot, is, u, up, then, bitch
0	stupidits, not, possible
0	she, told, to, hr, that, he, want, posting, in, chennaibecause, im, working, here
0	when, are, you, guy, leaving
0	he, neva, grumble, but, i, sad, lor, hee, buy, tmr, lor, aft, lunch, but, we, still, meetin, lunch, tmr, a, not, neva, hear, fr, them, lei, got, a, lot, of, work, ar
0	not, able, to, do, anything
0	takin, linear, algebra, today
0	this, weekend, is, fine, an, excuse, not, to, do, too, much, decorating
0	sorry, i, missed, you, babe, i, wa, up, late, and, slept, in, i, hope, you, enjoy, your, driving, lesson, boytoy, i, miss, you, too, teasing, kiss
0	now, project, pa, after, that, only, i, can, come
0	sure, whenever, you, show, the, fuck, up, gt
0	that, wa, random, saw, my, old, roomate, on, campus, he, graduated
0	men, always, need, a, beautiful, intelligent, caring, loving, adjustable, cooperative, wife, but, the, law, allows, only, one, wife
0	that, suck, so, what, do, you, got, planned, for, your, yo, valentine, i, am, your, yo, valentine, arent, i
0	just, got, part, nottingham, hr, mile, good, thing, i, love, my, man, so, much, but, only, doing, mph, hey, ho
0	what, to, think, no, one, saying, clearly, ok, leave, no, need, to, ask, her, i, will, go, if, she, come, or, not
0	hi, good, mornin, thanku, wish, u, d, same
0	do, u, want, meet, up, morro
0	actually, i, decided, i, wa, too, hungry, so, i, havent, left, yet, v
0	ive, sent, my, part
0	co, i, wa, out, shopping, wif, darren, jus, now, n, i, called, him, ask, wat, present, he, wan, lor, then, he, started, guessing, who, i, wa, wif, n, he, finally, guessed, darren, lor
0	understand, his, loss, is, my, gain, so, do, you, work, school
0	how, are, u, i, have, missed, u, i, havent, been, up, much, a, bit, bored, with, the, holiday, want, go, bak, college, sad, isnt, itxx
0	hiya, probably, coming, home, weekend, after, next
0	dont, forget, though, that, i, love, you, and, i, walk, beside, you, watching, over, you, and, keeping, your, heart, warm
0	i, wish, thing, were, different, i, wonder, when, i, will, be, able, to, show, you, how, much, i, value, you, pls, continue, the, brisk, walk, no, drug, without, askin, me, please, and, find, thing, to, laugh, about, i, love, you, dearly
0	ok, both, our, day, so, what, are, you, making, for, dinner, tonite, am, i, invited
0	i, have, no, money, steve, mate
0	im, late, tellmiss, im, on, my, way
0	never, blame, a, day, in, ur, life, good, day, give, u, happiness, bad, day, give, u, experience, both, are, essential, in, life, all, are, god, blessing, good, morning
0	normally, i, use, to, drink, more, water, daily
0	dare, i, ask, any, luck, with, sorting, out, the, car
0	party, at, my, place, at, usf, no, charge, but, if, you, can, contribute, in, any, way, it, is, greatly, appreciated, and, yeah, we, got, room, for, one, more
0	urgh, coach, hot, smell, of, chip, fat, thanks, again, especially, for, the, duvet, not, a, predictive, text, word
0	hiya, how, wa, last, night, ive, been, naughty, and, bought, myself, clothes, and, very, little, ready, for, more, shopping, tho, what, kind, of, time, do, you, wanna, meet
0	ive, been, trying, to, reach, him, without, success
0	when, you, and, derek, done, with, class
0	never, y, lei, i, v, lazy, got, wat, dat, day, send, me, da, url, cant, work, one
0	never, try, alone, to, take, the, weight, of, a, tear, that, come, out, of, ur, heart, and, fall, through, ur, eye, always, remember, a, stupid, friend, is, here, to, share, bslvyl
0	hey, mate, spoke, to, the, mag, people, were, on, the, is, deliver, by, the, end, of, the, month, deliver, on, the, th, sept, talk, later
0	hope, you, are, having, a, good, week, just, checking, in
0	haha, my, friend, tyler, literally, just, asked, if, you, could, get, him, a, dubsack
0	hey, do, u, fancy, meetin, me, at, at, cha, hav, a, lil, beverage, on, me, if, not, txt, or, ring, me, and, we, can, meet, up, lr, quite, tired, got, in, at, vpist, love, pete, x, x, x
0	great, have, a, safe, trip, dont, panic, surrender, all
0	symptom, when, u, are, in, love, u, like, listening, song, u, get, stopped, where, u, see, the, name, of, your, beloved, u, wont, get, angry, when, your
0	sun, ah, thk, mayb, can, if, dun, have, anythin, on, thk, have, to, book, e, lesson, e, pilate, is, at, orchard, mrt, u, noe, hor
0	try, to, do, something, dear, you, read, something, for, exam
0	wonder, in, my, world, th, you, th, ur, style, th, ur, smile, th, ur, personality, rd, ur, nature, nd, ur, sm, and, st, ur, lovely, friendship, good, morning, dear
0	gettin, rdy, to, ship, comp
0	i, am, in, hospital, da, i, will, return, home, in, evening
0	piss, is, talking, is, someone, that, realise, u, that, point, this, at, is, itnow, read, it, backwards
0	think, da, you, wil, do
0	im, awake, oh, whats, up
0	good, afternoon, my, boytoy, how, go, that, walking, here, and, there, day, did, you, get, that, police, abstract, are, you, still, out, and, about, i, wake, and, miss, you, babe
0	how, much, u, trying, to, get
0	come, around, ltdecimalgt, pm, vikkyim, otside, nw, il, come, by, tht, time
0	tell, me, again, what, your, address, is
0	honeybee, said, im, d, sweetest, in, d, world, god, laughed, amp, said, waitu, havnt, met, d, person, reading, this, msg, moral, even, god, can, crack, joke, gmgngegn
0	should, i, buy, him, a, blackberry, bold, or, torch, should, i, buy, him, new, or, used, let, me, know, plus, are, you, saying, i, should, buy, the, ltgt, g, wifi, ipad, and, what, are, you, saying, about, the, about, the, ltgt, g
0	but, you, were, together, so, you, should, be, thinkin, about, him
0	hiya, hows, it, going, in, sunny, africa, hope, u, r, avin, a, good, time, give, that, big, old, silver, back, a, big, kiss, from, me
0	at, what, time, should, i, come, tomorrow
0	cha, quiteamuzing, thatscool, babeprobpop, in, cu, satthen, hunny, brekkie, love, jen, xxx, psxtra, lrg, portion, me, please
0	omg, how, did, u, know, what, i, ate
0	but, your, not, here
0	not, directly, behind, abt, row, behind
0	no, plan, yet, what, are, you, doing
0	hi, my, engagement, ha, been, fixd, on, ltgt, th, of, next, month, i, know, it, really, shocking, bthmm, njan, vilikkamt, w, al, of, a, sudn
0	not, course, only, math, one, day, one, chapter, with, in, one, month, we, can, finish
0	wow, didnt, think, it, wa, that, common, i, take, it, all, back, ur, not, a, freak, unless, u, chop, it, off
0	noooooooo, please, last, thing, i, need, is, stress, for, once, in, your, life, be, fair
0	ill, see, if, i, can, swing, by, in, a, bit, got, some, thing, to, take, care, of, here, firsg
0	i, wanted, to, wish, you, a, happy, new, year, and, i, wanted, to, talk, to, you, about, some, legal, advice, to, do, with, when, gary, and, i, split, but, in, person, ill, make, a, trip, to, ptbo, for, that, i, hope, everything, is, good, with, you, babe, and, i, love, ya
0	have, you, not, finished, work, yet, or, something
0	tomorrow, i, am, not, going, to, theatre, so, i, can, come, wherever, u, call, me, tell, me, where, and, when, to, come, tomorrow
0	right, it, wasnt, you, who, phoned, it, wa, someone, with, a, number, like, yours
0	it, ok, i, wun, b, angry, msg, u, aft, i, come, home, tonight
0	i, had, a, good, time, too, it, nice, to, do, something, a, bit, different, with, my, weekend, for, a, change, see, ya, soon
0	yo, sorry, wa, in, the, shower, sup
0	carlos, is, down, but, i, have, to, pick, it, up, from, him, so, ill, swing, by, usf, in, a, little, bit
0	full, heat, pa, i, have, applyed, oil, pa
0	im, stuck, in, da, middle, of, da, row, on, da, right, hand, side, of, da, lt
0	have, you, laid, your, airtel, line, to, rest
0	hi, did, u, decide, wot, get, his, bday, if, not, ill, prob, jus, get, him, a, voucher, frm, virgin, or, sumfing
0	hey, j, r, u, feeling, any, better, hopeso, hunny, i, amnow, feelin, ill, ithink, i, may, have, tonsolitusaswell, damn, iam, layin, in, bedreal, bored, lotsof, luv, me, xxxx
0	and, i, dont, plan, on, staying, the, night, but, i, prolly, wont, be, back, til, late
0	thanx, puttin, da, fone, down, on, me
0	i, need, an, th, but, im, off, campus, atm, could, i, pick, up, in, an, hour, or, two
0	oh, haha, den, we, shld, had, went, today, too, gee, nvm, la, kaiez, i, dun, mind, goin, jazz, oso, scared, hiphop, open, cant, catch, up
0	been, running, but, only, managed, minute, and, then, needed, oxygen, might, have, to, resort, to, the, roller, option
0	we, live, in, the, next, ltgt, min
0	y, de, asking, like, this
0	just, glad, to, be, talking, to, you
0	wat, time, finish
0	sorry, da, i, gone, mad, so, many, pending, work, what, to, do
0	how, much, you, got, for, cleaning
0	hows, my, favourite, person, today, r, u, workin, hard, couldnt, sleep, again, last, nite, nearly, rang, u, at
0	called, dad, oredi
0	good, do, you, think, you, could, send, me, some, pix, i, would, love, to, see, your, top, and, bottom
0	nvm, im, going, to, wear, my, sport, shoe, anyway, im, going, to, be, late, leh
0	sorry, ill, call, later, in, meeting
0	this, is, a, long, fuckin, showr
0	received, understood, n, acted, upon
0	they, finally, came, to, fix, the, ceiling
0	u, need, my, presnts, always, bcz, u, cant, mi, love, jeevithathile, irulinae, neekunna, prakasamanu, sneham, prakasam, ennal, prabha, that, mn, prabha, islove, got, it, dont, mi, me
0	jus, finish, blowing, my, hair, u, finish, dinner, already
0	im, on, the, bus, love, you
0	lol, i, knew, that, i, saw, him, in, the, dollar, store
0	only, saturday, and, sunday, holiday, so, it, very, difficult
0	everybody, had, fun, this, evening, miss, you
0	got, hella, gas, money, want, to, go, on, a, grand, nature, adventure, with, galileo, in, a, little, bit
0	im, in, a, meeting, call, me, later, at
0	oh, wow, thats, gay, will, firmware, update, help
0	these, wont, do, have, to, move, on, to, morphine
0	how, come, i, din, c, yup, i, cut, my, hair
0	k, k, pa, had, your, lunch, aha
0	oh, ho, is, this, the, first, time, u, use, these, type, of, word
0	captain, vijaykanth, is, doing, comedy, in, captain, tvhe, is, drunken
0	of, course, i, guess, god, just, got, me, on, hold, right, now
0	do, you, hide, anythiing, or, keeping, distance, from, me
0	havent
0	sorry, i, din, lock, my, keypad
0	did, u, got, that, person, story
0	are, you, planning, to, come, chennai
0	god, created, gap, btwn, ur, finger, so, dat, sum, vry, special, will, fill, those, gap, by, holding, ur, hand, now, plz, dont, ask, y, he, created, so, much, gap, between, leg
0	we, are, okay, going, to, sleep, now, later
0	please, protect, yourself, from, ethreats, sib, never, asks, for, sensitive, information, like, passwordsatmsms, pin, thru, email, never, share, your, password, with, anybody
0	finally, it, ha, happened, aftr, decade, beer, is, now, cheaper, than, petrol, the, goverment, expects, u, to, drink, but, dont, drive
0	where, r, e, meeting, tmr
0	lol, yes, but, it, will, add, some, spice, to, your, day
0	hope, you, are, having, a, great, day
0	our, prasanth, ettans, mother, passed, away, last, night, just, pray, for, her, and, family
0	k, ill, work, something, out
0	this, message, is, from, a, great, doctor, in, india, do, not, drink, appy, fizz, it, contains, cancer, causing, age
0	i, cant, pick, the, phone, right, now, pls, send, a, message
0	you, call, him, and, tell, now, infront, of, them, call, him, now
0	ok, no, prob
0	lady, first, and, genus, second, k
0	no, yes, please, been, swimming
0	mum, not, going, robinson, already
0	ok, set, let, u, noe, e, detail, later
0	nottel, software, name
0	i, send, the, print, out, da
0	im, realy, soz, imat, my, mum, nite, what, about, moro
0	when, i, wa, born, god, said, oh, no, another, idiot, when, you, were, born, god, said, oh, no, competition, who, knew, one, day, these, two, will, become, freinds, forever
0	i, didnt, get, ur, full, msgsometext, is, missing, send, it, again
0	probably, not, im, almost, out, of, gas, and, i, get, some, cash, tomorrow
0	i, forgot, ask, all, smth, there, a, card, on, da, present, lei, how, all, want, write, smth, or, sign, on, it
0	im, leaving, my, house, now
0	ready, then, call, me
0	wewa, is, iriver, all, mb
0	it, is, a, good, thing, im, now, getting, the, connection, to, bw
0	sry, dajst, nw, only, i, came, to, home
0	thats, cool, hell, be, here, all, night, lemme, know, when, youre, around
0	are, you, staying, in, town
0	haha, yeah, oz, is, kind, of, a, shitload
0	ok, u, can, take, me, shopping, when, u, get, paid, d
0	my, life, mean, a, lot, to, me, not, because, i, love, my, life, but, because, i, love, the, people, in, my, life, the, world, call, them, friend, i, call, them, my, world, ge
0	alright, well, bring, it, to, you, see, you, in, like, ltgt, min
0	but, pls, dont, play, in, others, life
0	eatin, my, lunch
0	hmmmbut, you, should, give, it, on, one, day
0	didnt, try, g, and, i, decided, not, to, head, out
0	ok, no, prob
0	surly, ill, give, it, to, you, while, coming, to, review
0	by, march, ending, i, should, be, ready, but, will, call, you, for, sure, the, problem, is, that, my, capital, never, complete, how, far, with, you, hows, work, and, the, lady
0	tessypls, do, me, a, favor, pls, convey, my, birthday, wish, to, nimyapls, dnt, forget, it, today, is, her, birthday, shijas
0	pls, give, her, the, food, preferably, pap, very, slowly, with, load, of, sugar, you, can, take, up, to, an, hour, to, give, it, and, then, some, water, very, very, slowly
0	a, guy, who, get, used, but, is, too, dumb, to, realize, it
0	okey, dokey, ill, be, over, in, a, bit, just, sorting, some, stuff, out
0	don, no, dawhats, you, plan
0	yes, fine
0	i, liked, the, new, mobile
0	anytime
0	mmmmmmm, snuggle, into, you, deep, contented, sigh, whisper, i, fucking, love, you, so, much, i, can, barely, stand, it
0	yar, but, they, say, got, some, error
0	hey, anyway, i, have, to
0	wow, so, healthy, old, airport, rd, lor, cant, thk, of, anything, else, but, ill, b, bathing, my, dog, later
0	wif, my, family, booking, tour, package
0	did, you, say, bold, then, torch, later, or, one, torch, and, bold
0	haha, awesome, i, might, need, to, take, you, up, on, that, what, you, doin, tonight
0	ya, i, knw, u, vl, givits, ok, thanks, kanoanyway, enjoy, wit, ur, family, wit, st, salary
0	huh, so, slow, i, tot, u, reach, long, ago, liao, u, more, day, only, i, more, leh
0	thats, cool, princess, i, will, cover, your, face, in, hot, sticky, cum
0	big, brother, really, scraped, the, barrel, with, this, shower, of, social, misfit
0	oops, i, thk, i, dun, haf, enuff, i, go, check, then, tell
0	s, min, to, go, for, lunch
0	hey, what, happened, u, switch, off, ur, cell, d, whole, day, this, isnt, good, now, if, u, do, care, give, me, a, call, tomorrow
0	k, will, do, addie, amp, i, are, doing, some, art, so, ill, be, here, when, you, get, home
0	my, uncle, in, atlanta, wish, you, guy, a, great, semester
0	aiyo, her, lesson, so, early, im, still, sleepin, haha, okie, u, go, home, liao, den, confirm, w, me, lor
0	forgot, to, tell, smth, can, like, number, the, section, so, that, it, clearer
0	yup, anything, lor, if, u, dun, wan, it, ok
0	im, home, my, love, if, your, still, awake, loving, kiss
0	hello, peach, my, cake, tasts, lush
0	therell, be, a, minor, shindig, at, my, place, later, tonight, you, interested
0	jason, say, it, cool, if, we, pick, some, up, from, his, place, in, like, an, hour
0	i, career, tel, have, added, u, a, a, contact, on, indyarockscom, to, send, free, sm, to, remove, from, phonebook, sm, no, to, ltgt
0	ive, reached, already
0	i, dont, know, ask, to, my, brother, nothing, problem, some, thing, that, just, i, told
0	keng, rocking, in, ash
0	wat, time, r, going, to, xins, hostel
0	good, morning, my, dear, shijutta, have, a, great, amp, successful, day
0	oh, kafter, that, placement, there, ah
0	not, for, possession, especially, not, first, offense
0	nt, only, for, driving, even, for, many, reason, she, is, called, bbdthts, it, chikku, then, hw, abt, dvg, coldheard, tht, vinobanagar, violence, hw, is, the, conditionand, hw, ru, any, problem
0	i, bought, the, test, yesterday, it, something, that, let, you, know, the, exact, day, u, ovulatewhen, will, get, u, in, about, to, wks, but, pls, pls, dont, fret, i, know, u, r, worried, pls, relax, also, is, there, anything, in, ur, past, history, u, need, to, tell, me
0	we, have, pizza, if, u, want
0	i, keep, seeing, weird, shit, and, bein, all, woah, then, realising, it, actually, reasonable, and, im, all, oh
0	many, more, happy, return, of, the, day, i, wish, you, happy, birthday
0	ya, very, nice, be, ready, on, thursday
0	i, am, in, hospital, da, i, will, return, home, in, evening
0	thinking, of, u, x
0	orh, i, tot, u, say, she, now, still, dun, believe
0	when, you, just, put, in, the, sign, choose, my, number, and, the, pin, will, show, right
0	the, beauty, of, life, is, in, next, second, which, hide, thousand, of, secret, i, wish, every, second, will, be, wonderful, in, ur, life, gud, n
0	thanx, u, darlinim, cool, thanx, a, few, bday, drink, nite, morrow, off, take, care, c, u, soonxxx
0	if, youre, still, up, maybe, leave, the, credit, card, so, i, can, get, gas, when, i, get, back, like, he, told, me, to
0	well, boy, am, i, glad, g, wasted, all, night, at, applebees, for, nothing
0	ok, lor, or, u, wan, me, go, look, u
0	u, wan, haf, lunch, im, in, da, canteen, now
0	dont, make, life, too, stressfull, always, find, time, to, laugh, it, may, not, add, year, to, your, life, but, surely, add, more, life, to, ur, year, gud, niswt, dream
0	hey, look, like, i, wa, wrong, and, one, of, the, kappa, guy, number, is, still, on, my, phone, if, you, want, i, can, text, him, and, see, if, he, around
0	im, home, doc, gave, me, pain, med, say, everything, is, fine
0	it, only, ard, rest, all, ard, at, leastwhich, is, price, bedrm
0	me, too, have, a, lovely, night, xxx
0	prepare, to, be, pleasured
0	hitechnical, supportproviding, assistance, to, u, customer, through, call, and, email
0	if, you, text, on, your, way, to, cup, stop, that, should, work, and, that, should, be, bus
0	whens, your, radio, show
0	im, not, sure, if, it, still, available, though
0	watever, relation, u, built, up, in, dis, world, only, thing, which, remains, atlast, iz, lonlines, with, lotz, n, lot, memory, feeling
0	cheer, lou, yeah, wa, a, goodnite, shame, u, neva, came, c, ya, gailxx
0	hii, got, the, money, da
0	hi, mobile, no, ltgt, ha, added, you, in, their, contact, list, on, wwwfullonsmscom, it, s, a, great, place, to, send, free, sm, to, people, for, more, visit, fullonsmscom
0	ok, then, u, tell, me, wat, time, u, coming, later, lor
0	u, repeat, e, instruction, again, wats, e, road, name, of, ur, house
0	so, many, people, seems, to, be, special, at, first, sight, but, only, very, few, will, remain, special, to, you, till, your, last, sight, maintain, them, till, life, end, shjas
0	quite, lor, but, dun, tell, him, wait, he, get, complacent
0	sorry, completely, forgot, will, pop, em, round, this, week, if, your, still, here
0	u, r, the, most, beautiful, girl, ive, ever, seen, u, r, my, baby, come, and, c, me, in, the, common, room
0	o, we, cant, see, if, we, can, join, denis, and, mina, or, doe, denis, want, alone, time
0	sen, told, that, he, is, going, to, join, his, uncle, finance, in, cbe
0	yup, hey, then, one, day, on, fri, we, can, ask, miwa, and, jiayin, take, leave, go, karaoke
0	call, me, i, am, senthil, from, hsbc
0	especially, since, i, talk, about, boston, all, up, in, my, personal, statement, lol, i, woulda, changed, that, if, i, had, realized, it, said, nyc, it, say, boston, now
0	indeed, and, by, the, way, it, wa, either, or, not, both
0	holy, living, christ, what, is, taking, you, so, long
0	thk, of, wat, to, eat, tonight
0	thanx, yup, we, coming, back, on, sun, finish, dinner, going, back, hotel, now, time, fly, were, tog, exactly, a, mth, today, hope, well, haf, many, more, mths, to, come
0	were, on, the, opposite, side, from, where, we, dropped, you, off
0	yup, izzit, still, raining, heavily, co, im, in, e, mrt, i, cant, c, outside
0	send, me, your, resume
0	gd, luck, ur, exam
0	or, u, ask, they, all, if, next, sat, can, a, not, if, all, of, them, can, make, it, then, im, ok, lor
0	sorry, that, wa, my, uncle, ill, keep, in, touch
0	saw, guy, and, doll, last, night, with, patrick, swayze, it, wa, great
0	just, come, home, i, dont, want, u, to, be, miserable
0	i, dont, know, why, shes, not, getting, your, message
0	it, cool, but, tyler, had, to, take, off, so, were, gonna, buy, for, him, and, drop, it, off, at, his, place, later, tonight, our, total, order, is, a, quarter, you, got, enough
0	the, guy, at, the, car, shop, who, wa, flirting, with, me, got, my, phone, number, from, the, paperwork, and, called, and, texted, me, im, nervous, because, of, course, now, he, may, have, my, address, should, i, call, his, bos, and, tell, him, knowing, this, may, get, him, fired
0	reverse, is, cheating, that, is, not, mathematics
0	how, do, you, plan, to, manage, that
0	er, hello, thing, didnt, quite, go, to, plan, is, limping, slowly, home, followed, by, aa, and, with, exhaust, hanging, off
0	sorry, for, the, delay, yes, master
0	call, me, when, u, finish, then, i, come, n, pick, u
0	whats, up, my, own, oga, left, my, phone, at, home, and, just, saw, ur, message, hope, you, are, good, have, a, great, weekend
0	dont, worry, though, i, understand, how, important, it, is, that, i, be, put, in, my, place, with, a, poorly, thought, out, punishment, in, the, face, of, the, worst, thing, that, ha, ever, happened, to, me, brb, gonna, go, kill, myself
0	honey, can, you, pls, find, out, how, much, they, sell, predicte, in, nigeria, and, how, many, time, can, it, be, used, it, very, important, to, have, a, reply, before, monday
0	e, admin, building, there, i, might, b, slightly, earlier, ill, call, u, when, im, reaching
0	fyi, im, at, usf, now, swing, by, the, room, whenever
0	i, can, call, in, ltgt, min, if, thats, ok
0	ummmmmaah, many, many, happy, return, of, d, day, my, dear, sweet, heart, happy, birthday, dear
0	no, home, work, to, do, meh
0	anything, is, valuable, in, only, situation, first, before, getting, it, second, after, loosing, it
0	me, too, mark, is, taking, forever, to, pick, up, my, prescription, and, the, pain, is, coming, back
0	hows, ur, paper
0	got, smaller, capacity, one, quite, ex
0	im, good, i, have, been, thinking, about, you
0	
0	not, thought, bout, it, drink, in, tap, spile, at, seven, is, that, pub, on, gas, st, off, broad, st, by, canal, ok
0	i, am, going, to, sleep, i, am, tired, of, travel
0	haha, just, what, i, wa, thinkin
0	yup, but, it, not, giving, me, problem, now, so, mayb, ill, jus, leave, it
0	lol, no, just, trying, to, make, your, day, a, little, more, interesting
0	how, long, before, you, get, reply, just, defer, admission, til, next, semester
0	the, word, checkmate, in, chess, come, from, the, persian, phrase, shah, maat, which, mean, the, king, is, dead, goodmorning, have, a, good, day
0	po, de, no, need, job, aha
0	rat, hey, did, u, ever, vote, for, the, next, theme
0	i, hope, your, pee, burn, tonite
0	oh, rite, well, im, with, my, best, mate, pete, who, i, went, out, with, a, week, now, were, geva, again, it, been, longer, than, a, week
0	yay, cant, wait, to, party, together
0	photoshop, make, my, computer, shut, down
0	all, boy, made, fun, of, me, today, ok, i, have, no, problem, i, just, sent, one, message, just, for, fun
0	thats, one, of, the, issue, but, california, is, okay, no, snow, so, it, manageable
0	hmmm, mayb, can, try, e, shoppin, area, one, but, forgot, e, name, of, hotel
0	awesome, that, gonna, be, soon, or, later, tonight
0	i, need, detail, about, that, online, job
0	missing, you, toopray, inshah, allah
0	pls, help, me, tell, ashley, that, i, cant, find, her, number, oh
0	i, am, in, escape, theatre, now, going, to, watch, kavalan, in, a, few, minute
0	sthis, will, increase, the, chance, of, winning
0	either, way, work, for, me, i, am, ltgt, year, old, hope, that, doesnt, bother, you
0	maybe, you, should, find, something, else, to, do, instead
0	gain, the, right, of, a, wifedont, demand, iti, am, trying, a, husband, toolets, see
0	i, liked, your, new, house
0	im, fine, hope, you, are, also
0	also, north, carolina, and, texas, atm, you, would, just, go, to, the, gre, site, and, pay, for, the, test, result, to, be, sent
0	same, to, u
0	yes, baby, i, need, to, stretch, open, your, pussy
0	thanks, and, or, bomb, and, date, a, my, phone, wanted, to, say
0	ok
0	hey, a, guy, i, know, is, breathing, down, my, neck, to, get, him, some, bud, anyway, youd, be, able, to, get, a, half, track, to, usf, tonight
0	response, is, one, of, d, powerful, weapon, occupy, a, place, in, others, heart, so, always, give, response, who, care, u, gud, nightswt, dreamstake, care
0	nokia, phone, is, lovly
0	sorry, datoday, i, wont, come, to, playi, have, driving, clas
0	im, really, sorry, i, lit, your, hair, on, fire
0	oh, shit, i, thought, that, wa, your, trip, loooooool, that, just, make, so, much, more, sense, now, grin, and, the, sofa, reference, wa, the, sleep, on, a, couch, link, you, sent, me, wasnt, that, how, you, went, on, your, trip, oh, and, didnt, your, babe, go, with, you, for, that, celebration, with, your, rent
0	okey, dokey, swashbuckling, stuff, what, oh
0	watching, cartoon, listening, music, amp, at, eve, had, to, go, temple, amp, church, what, about, u
0	tension, face, smiling, face, waste, face, innocent, face, terror, face, cruel, face, romantic, face, lovable, face, decent, face, ltgt, joker, face
0	dip, cell, dead, so, i, m, coming, with, him, u, better, respond, else, we, shall, come, back
0	well, you, know, what, i, mean, texting
0	hi, dis, is, yijue, i, would, be, happy, to, work, wif, all, for, gek
0	lol, oops, sorry, have, fun
0	wat, happened, to, the, cruise, thing
0	i, know, dat, feelin, had, it, with, pete, wuld, get, with, em, nuther, place, nuther, time, mayb
0	the, world, most, happiest, frnds, never, have, the, same, character, dey, just, have, the, best, understanding, of, their, difference
0	yeah, just, open, chat, and, click, friend, list, then, make, the, list, easy, a, pie
0	alright, tyler, got, a, minor, crisis, and, ha, to, be, home, sooner, than, he, thought, so, be, here, asap
0	whenwhere, do, i, pick, you, up
0	a, usual, u, can, call, me, ard, smth
0	new, theory, argument, win, d, situation, but, loses, the, person, so, dont, argue, with, ur, friend, just, kick, them, amp, say, im, always, correct
0	for, many, thing, it, an, antibiotic, and, it, can, be, used, for, chest, abdomen, and, gynae, infection, even, bone, infection
0	poor, girl, cant, go, one, day, lmao
0	or, just, do, that, time
0	you, have, to, pls, make, a, note, of, all, shes, exposed, to, also, find, out, from, her, school, if, anyone, else, wa, vomiting, is, there, a, dog, or, cat, in, the, house, let, me, know, later
0	japanese, proverb, if, one, can, do, it, u, too, can, do, it, if, none, can, do, itu, must, do, it, indian, version, if, one, can, do, it, let, him, do, it, if, none, can, do, itleave, it, and, finally, kerala, version, if, one, can, do, it, stop, him, doing, it, if, none, can, do, it, make, a, strike, against, it
0	sound, like, there, could, be, a, lot, of, time, spent, in, that, chastity, device, boy, grin, or, take, your, beating, like, a, good, dog, going, to, lounge, in, a, nice, long, bath, now
0	it, worse, if, if, us, half, way, then, stop, it, better, for, him, to, complete, it
0	miserable, they, dont, tell, u, that, the, side, effect, of, birth, control, are, massive, gut, wrenching, cramp, for, the, first, month, i, didnt, sleep, at, all, last, night
0	send, me, the, new, number
0	convey, my, regard, to, him
0	and, half, year, i, missed, your, friendship
0	i, cant, pick, the, phone, right, now, pls, send, a, message
0	oh, for, fuck, sake, shes, in, like, tallahassee
0	haha, that, wa, the, first, person, i, wa, gonna, ask
0	taka, lor, wat, time, u, wan, come, n, look, u
0	im, reaching, in, another, stop
0	no, i, didnt, mean, to, post, it, i, wrote, it, and, like, so, many, other, time, ive, ritten, stuff, to, you, i, let, it, sit, there, it, wa, what, i, wa, feeling, at, the, time, i, wa, angry, before, i, left, i, hit, send, then, stop, it, wasnt, there, i, checked, on, my, phone, when, i, got, to, my, car, it, wasnt, there, you, said, you, didnt, sleep, you, were, bored, so, why, wouldnt, that, be, the, time, to, clean, fold, laundry, etc, at, least, make, the, bed
0	will, you, come, online, today, night
0	then, anything, special
0	im, in, solihull, do, you, want, anything
0	will, do, have, a, good, day
0	we, regret, to, inform, u, that, the, nh, ha, made, a, mistakeu, were, never, actually, bornplease, report, yor, local, hospital, b, terminatedwe, r, sorry, the, inconvenience
0	love, that, holiday, monday, feeling, even, if, i, have, to, go, to, the, dentist, in, an, hour
0	i, am, on, the, way, to, tirupur
0	youve, already, got, a, flaky, parent, itsnot, supposed, to, be, the, child, job, to, support, the, parentnot, until, theyre, the, ride, age, anyway, im, supposed, to, be, there, to, support, you, and, now, ive, hurt, you, unintentional, but, hurt, nonetheless
0	we, took, hooch, for, a, walk, toaday, and, i, fell, over, splat, grazed, my, knee, and, everything, should, have, stayed, at, home, see, you, tomorrow
0	just, dropped, em, off, omw, back, now
0	sitting, in, mu, waiting, for, everyone, to, get, out, of, my, suite, so, i, can, take, a, shower
0	re, your, call, you, didnt, see, my, facebook, huh
0	g, say, you, never, answer, your, text, confirmdeny
0	it, so, common, hearin, how, r, u, wat, r, u, doing, how, wa, ur, day, so, let, me, ask, u, something, different, did, u, smile, today, if, not, do, it, now, gud, evng
0	hi, dear, call, me, it, urgnt, i, dont, know, whats, your, problem, you, dont, want, to, work, or, if, you, have, any, other, problem, at, least, tell, me, wating, for, your, reply
0	oh, yah, we, never, cancel, leh, haha
0	we, can, go, e, normal, pilate, after, our, intro
0	ok, let, u, noe, when, i, leave, my, house
0	oh, yes, why, is, it, like, torture, watching, england
0	wanna, do, some, art, d
0	just, hopeing, that, wasnt, too, pissed, up, to, remember, and, ha, gone, off, to, his, sister, or, something
0	good, morning, my, boytoy, hows, those, yummy, lip, wheres, my, sexy, bun, now, what, do, you, do, do, you, think, of, me, do, you, crave, me, do, you, need, me
0	match, startedindia, ltgt, for
0	once, free, call, me, sir
0	hey, do, you, want, anything, to, buy
0	hey, babe, hows, it, going, did, you, ever, figure, out, where, your, going, for, new, year
0	kkcongratulation
0	g, want, to, know, where, the, fuck, you, are
0	no, it, wa, cancelled, yeah, baby, well, that, sound, important, so, i, understand, my, darlin, give, me, a, ring, later, on, this, fone, love, kate, x
0	tomarrow, i, want, to, got, to, court, at, ltdecimalgt, so, you, come, to, bus, stand, at
0	go, home, liao, ask, dad, to, pick, me, up, at
0	omg, you, can, make, a, wedding, chapel, in, frontierville, why, do, they, get, all, the, good, stuff
0	im, eatin, now, lor, but, goin, back, to, work, soon, e, mountain, deer, show, huh, i, watch, b, liao, very, nice
0	check, maili, have, mailed, varma, and, kept, copy, to, you, regarding, membershiptake, careinsha, allah
0	wrong, phone, this, phone, i, answer, this, one, but, assume, the, other, is, people, i, dont, well
0	anyway, i, dont, think, i, can, secure, anything, up, here, lemme, know, if, you, want, me, to, drive, down, south, and, chill
0	im, already, back, home, so, no, probably, not
0	i, am, in, bus, on, the, way, to, calicut
0	hi, it, me, you, are, probably, having, too, much, fun, to, get, this, message, but, i, thought, id, txt, u, co, im, bored, and, james, ha, been, farting, at, me, all, night
0	hi, baby, im, sat, on, the, bloody, bus, at, the, mo, and, i, wont, be, home, until, about, wanna, do, somethin, later, call, me, later, ortxt, back, jess, xx
0	i, lost, pound, since, my, doc, visit, last, week, woot, woot, now, im, gonna, celebrate, by, stuffing, my, face
0	u, coming, back, dinner, rite, dad, ask, me, so, i, re, confirm, wif, u
0	doing, my, master, when, will, you, buy, a, bb, co, i, have, for, sale, and, hows, bf
0	ahhhhjust, woken, uphad, a, bad, dream, about, u, thoso, i, dont, like, u, right, now, i, didnt, know, anything, about, comedy, night, but, i, guess, im, up, for, it
0	im, viveki, got, call, from, your, number
0	why, didnt, u, call, on, your, lunch
0	what, i, mean, wa, i, left, too, early, to, check, co, im, working, a
0	i, want, ltgt, r, dado, you, have, it
0	a, bit, of, ur, smile, is, my, hppnss, a, drop, of, ur, tear, is, my, sorrow, a, part, of, ur, heart, is, my, life, a, heart, like, mine, wil, care, for, u, forevr, a, my, goodfriend
0	yup, ok
0	i, want, to, see, your, pretty, pussy
0	a, few, people, are, at, the, game, im, at, the, mall, with, iouri, and, kaila
0	future, is, not, what, we, planned, for, tomorrow, it, is, the, result, of, what, we, do, today, do, the, best, in, present, enjoy, the, future
0	i, will, cme, i, want, to, go, to, ho, morow, after, that, i, wil, cme, this, what, i, got, from, her, dear, what, to, do, she, didnt, say, any, time
0	we, are, supposed, to, meet, to, discus, abt, our, trip, thought, xuhui, told, you, in, the, afternoon, thought, we, can, go, for, lesson, after, that
0	hey, come, online, use, msn, we, are, all, there
0	im, fine, hope, you, are, good, do, take, care
0	oops, i, wa, in, the, shower, when, u, called, hey, a, parking, garage, collapsed, at, university, hospital, see, im, not, crazy, stuff, like, that, doe, happen
0	aiyo, u, so, poor, thing, then, u, dun, wan, eat, u, bathe, already
0	yar, i, tot, u, knew, dis, would, happen, long, ago, already
0	you, are, gorgeous, keep, those, pix, cumming, thank, you
0	a, boy, wa, late, home, his, father, power, of, frndship
0	jade, it, paul, y, didnt, u, txt, me, do, u, remember, me, from, barmed, i, want, talk, u, txt, me
0	spending, new, year, with, my, brother, and, his, family, let, plan, to, meet, next, week, are, you, ready, to, be, spoiled
0	so, what, u, doing, today
0	i, said, it, okay, sorry
0	slept, i, thinkthis, time, ltgt, pm, is, not, dangerous
0	networking, job, is, there
0	dont, let, studying, stress, you, out, lr
0	thats, y, u, haf, keep, me, busy
0	no, rushing, im, not, working, im, in, school, so, if, we, rush, we, go, hungry
0	which, channel
0	so, your, telling, me, i, coulda, been, your, real, valentine, and, i, wasnt, u, never, pick, me, for, nothing
0	we, made, it, eta, at, taunton, is, a, planned, hope, thats, still, okday, good, to, see, you, xx
0	im, hungry, buy, smth, home
0	hey, kate, hope, ur, ok, will, give, u, a, buz, wedlunch, go, outsomewhere, adrink, in, towncud, go, watershd, a, bit, ppl, fromwrk, will, bthere, love, petexxx
0	my, drive, can, only, be, read, i, need, to, write
0	just, looked, it, up, and, addie, go, back, monday, suck, to, be, her
0	happy, new, year, hope, you, are, having, a, good, semester
0	esplanade, lor, where, else
0	can, you, talk, with, me
0	hmph, go, head, big, baller
0	well, it, not, like, you, actually, called, someone, a, punto, that, woulda, been, worse
0	nope, since, ayo, travelled, he, ha, forgotten, his, guy
0	you, still, around, looking, to, pick, up, later
0	there, someone, here, that, ha, a, year, ltgt, toyota, camry, like, mr, olayiwolas, own, mileage, is, ltgt, kit, clean, but, i, need, to, know, how, much, will, it, sell, for, if, i, can, raise, the, dough, for, it, how, soon, after, landing, will, it, sell, holla, back
0	guess, which, pub, im, in, im, a, happy, a, a, pig, in, clover, or, whatever, the, saying, is
0	ill, b, down, soon
0	oh, k, i, will, come, tomorrow
0	go, fool, dont, cheat, others, ok
0	my, mobile, numberpls, sm, ur, mail, idconvey, regard, to, achanammarakheshqatar
0	by, the, way, rencontre, is, to, meet, again, mountain, dont
0	u, attend, ur, driving, lesson, how, many, time, a, wk, n, which, day
0	uncle, g, just, checking, up, on, you, do, have, a, rewarding, month
0	hello, boytoy, geeee, im, missing, you, today, i, like, to, send, you, a, tm, and, remind, you, im, thinking, of, you, and, you, are, loved, loving, kiss
0	i, think, the, other, two, still, need, to, get, cash, but, we, can, def, be, ready, by
0	hey, galsu, all, wanna, meet, dinner, at, nte
0	babe, what, are, you, doing, where, are, you, who, are, you, talking, to, do, you, think, of, me, are, you, being, a, good, boy, are, you, missing, me, do, you, love, me
0	great, how, is, the, office, today
0	it, cool, we, can, last, a, little, while, getting, more, any, time, soon
0	sad, puppy, noise
0	yes, it, possible, but, dint, try, pls, dont, tell, to, any, one, k
0	anyway, holla, at, me, whenever, youre, around, because, i, need, an, excuse, to, go, creep, on, people, in, sarasota
0	where, you, what, happen
0	i, wa, gonna, ask, you, lol, but, i, think, it, at
0	go, chase, after, her, and, run, her, over, while, shes, crossing, the, street
0	is, there, coming, friday, is, leave, for, pongaldo, you, get, any, news, from, your, work, place
0	hey, very, inconvenient, for, your, si, a, not, huh
0	ok, i, vldo, u, know, i, got, adsense, approved
0	wa, really, good, to, see, you, the, other, day, dudette, been, missing, you
0	i, want, to, go, to, perumbavoor
0	how, many, time, i, told, in, the, stage, all, use, to, laugh, you, not, listen, aha
0	you, didnt, hear, it, from, me
0	thanks, for, being, there, for, me, just, to, talk, to, on, saturday, you, are, very, dear, to, me, i, cherish, having, you, a, a, brother, and, role, model
0	pls, clarify, back, if, an, open, return, ticket, that, i, have, can, be, preponed, for, me, to, go, back, to, kerala
0	she, ran, off, with, a, younger, man, we, will, make, pretty, baby, together
0	o, ic, lol, should, play, door, sometime, yo
0	dunno, my, dad, said, he, coming, home, bring, u, out, lunch, yup, i, go, w, u, lor, i, call, u, when, i, reach, school, lor
0	we, have, sent, jd, for, customer, service, cum, account, executive, to, ur, mail, id, for, detail, contact, u
0	desire, u, going, to, doctor, liver, and, get, a, bit, stylish, get, ur, hair, managed, thats, it
0	hmmmstill, we, dont, have, opener
0	yeah, so, basically, any, time, next, week, you, can, get, away, from, your, mom, amp, get, up, before
0	edison, ha, rightly, said, a, fool, can, ask, more, question, than, a, wise, man, can, answer, now, you, know, why, all, of, u, are, speechless, during, viva, gmgngegnt
0	i, will, vote, for, wherever, my, heart, guide, me
0	with, my, si, lor, we, juz, watched, italian, job
0	tick, tick, tick, where, are, you, i, could, die, of, loneliness, you, know, pout, stomp, foot, i, need, you
0	lmao, you, know, me, so, well
0	am, on, a, train, back, from, northampton, so, im, afraid, not, im, staying, skyving, off, today, ho, ho, will, be, around, wednesday, though, do, you, fancy, the, comedy, club, this, week, by, the, way
0	goodnight, da, thangam, i, really, miss, u, dear
0	hey, next, sun, there, a, basic, yoga, course, at, bugis, we, can, go, for, that, pilate, intro, next, sat, tell, me, what, time, you, r, free
0	geeeee, your, internet, is, really, bad, today, eh
0	i, think, i, am, disturbing, her, da
0	sorry, ill, call, you, later, i, am, in, meeting, sir
0	havent, stuck, at, orchard, in, my, dad, car, going, dinner, now, u, leh, so, r, they, free, tonight
0	ok, i, also, wan, watch, e, pm, show
0	i, dunno, lei, like, dun, haf
0	but, your, brother, transfered, only, ltgt, ltgt, pa
0	i, call, you, later, afternoon, onwords, mtnl, service, get, problem, in, south, mumbai, i, can, hear, you, but, you, cannt, listen, me
0	talk, to, g, and, x, about, that
0	hai, dear, friend, this, is, my, new, amp, present, number, by, rajitha, raj, ranju
0	a, in, different, style
0	gud, ni, dearslp, welltake, careswt, dreamsmuah
0	i, want, to, sent, ltgt, mesages, today, thats, y, sorry, if, i, hurt
0	well, im, glad, you, didnt, find, it, totally, disagreeable, lol
0	guy, no, flash, me, now, if, you, go, call, me, call, me, how, madam, take, care, oh
0	mark, work, tomorrow, he, get, out, at, his, work, is, by, your, house, so, he, can, meet, u, afterwards
0	keep, ur, problem, in, ur, heart, bcoz, nobody, will, fight, for, u, only, u, amp, u, have, to, fight, for, ur, self, amp, win, the, battle, vivekanand, g, t, sd, ham, yeah, give, me, a, call, if, youve, got, a, minute, ham, hi, babe, uawakefeellikw, shitjustfound, out, via, aletter, thatmum, gotmarried, thnovbehind, ourbacks, fuckinniceselfishdeviousbitchanywayil, call, u
0	amazing, if, you, rearrange, these, letter, it, give, the, same, meaning, dormitory, dirty, room, astronomer, moon, starer, the, eye, they, see, election, result, lie, let, recount, motherinlaw, woman, hitler, eleven, plus, two, twelve, plus, one, it, amazing
0	aiya, we, discus, later, lar, pick, up, at, is, it
0	hey, happy, birthday
0	sorry, i, missed, your, call, can, you, please, call, back
0	omg, if, it, not, one, thing, it, another, my, cat, ha, worm, when, doe, this, bad, day, end
0	good, morning, im, suffering, from, fever, and, dysentry, will, not, be, able, to, come, to, office, today
0	i, wont, do, anything, de
0	what, type, of, stuff, do, you, sing
0	st, andre, virgil, cream
0	no, no, i, will, check, all, room, befor, activity
0	my, fri, ah, okie, lorgoin, my, drivin, den, go, shoppin, after, tt
0	gokila, is, talking, with, you, aha
0	hi, shanilrakhesh, herethanksi, have, exchanged, the, uncut, diamond, stuffleaving, back, excellent, service, by, dino, and, prem
0	kkthis, month, kotees, birthday, know
0	but, im, really, really, broke, oh, no, amount, is, too, small, even, ltgt
0	sorry, about, that, this, is, my, mate, phone, and, i, didnt, write, it, love, kate
0	ah, well, that, confuses, thing, doesnt, it, i, thought, wa, friend, with, now, maybe, i, did, the, wrong, thing, but, i, already, sort, of, invited, tho, he, may, not, come, co, of, money
0	aight, call, me, once, youre, close
0	nope, thats, fine, i, might, have, a, nap, tho
0	in, other, news, after, hassling, me, to, get, him, weed, for, a, week, andres, ha, no, money, haughaighgtujhyguj
0	a, boy, loved, a, gal, he, propsd, bt, she, didnt, mind, he, gv, lv, lttrs, bt, her, frnds, threw, thm, again, d, boy, decided, aproach, d, gal, dt, time, a, truck, wa, speeding, towards, d, gal, wn, it, wa, about, hit, d, girld, boy, ran, like, hell, n, saved, her, she, asked, hw, cn, u, run, so, fast, d, boy, replied, boost, is, d, secret, of, my, energy, n, instantly, d, girl, shouted, our, energy, n, thy, lived, happily, gthr, drinking, boost, evrydy, moral, of, d, story, i, hv, free, msgsd, gud, ni
0	i, wnt, to, buy, a, bmw, car, urgentlyits, vry, urgentbut, hv, a, shortage, of, ltgt, lacsthere, is, no, source, to, arng, dis, amt, ltgt, lacsthats, my, prob
0	ding, me, on, ya, break, fassyole, blacko, from, londn
0	i, really, need, kiss, u, i, miss, u, my, baby, from, ur, baby, eva
0	the, sign, of, maturity, is, not, when, we, start, saying, big, thing, but, actually, it, is, when, we, start, understanding, small, thing, have, a, nice, evening, bslvyl
0	oh, you, got, many, responsibility
0	ive, reached, sch, already
0	u, definitely, need, a, module, from, e, humanity, dis, sem, izzit, u, wan, take, other, module, st
0	argh, why, the, fuck, is, nobody, in, town
0	thanks, fill, me, with, complete, calm, and, reassurance
0	aslamalaikkuminsha, allah, tohar, beeen, muht, albi, mufti, mahfuuzmeaning, same, here
0	are, you, driving, or, training
0	lol, for, real, she, told, my, dad, i, have, cancer
0	oops, i, did, have, it, ltgt
0	not, enufcredeit, tocallshall, ileave, uni, at, get, a, bus, to, yor, house
0	hi, chikku, send, some, nice, msg
0	he, is, impossible, to, argue, with, and, he, always, treat, me, like, his, sub, like, he, never, released, me, which, he, did, and, i, will, remind, him, of, that, if, necessary
0	after, my, work, ah, den, plus, lor, u, workin, oso, rite, den, go, orchard, lor, no, other, place, to, go, liao
0	to, the, wonderful, okors, have, a, great, month, we, cherish, you, guy, and, wish, you, well, each, day, mojibiola
0	cuz, ibored, and, don, wanna, study
0	wot, about, on, wed, nite, i, am, then, but, only, til
0	rose, for, redred, for, bloodblood, for, heartheart, for, u, but, u, for, me, send, ti, to, all, ur, friend, including, me, if, u, like, me, if, u, get, back, u, r, poor, in, relation, u, need, some, to, support, u, r, frnd, many, some, luvs, u, some, is, praying, god, to, marry, u, try, it
0	any, way, where, are, you, and, what, doing
0	that, suck, ill, go, over, so, u, can, do, my, hair, youll, do, it, free, right
0	it, still, not, working, and, this, time, i, also, tried, adding, zero, that, wa, the, saving, the, checking, is, ltgt
0	hmm, dunno, leh, mayb, a, bag, goigng, out, dat, is, not, too, small, or, jus, anything, except, perfume, smth, dat, i, can, keep
0	sday, only, joinedso, training, we, started, today
0	sorry, wa, at, the, grocer
0	there, are, some, nice, pub, near, here, or, there, is, frankie, n, benny, near, the, warner, cinema
0	yup, i, havent, been, there, before, you, want, to, go, for, the, yoga, i, can, call, up, to, book
0	oh, shut, it, omg, yesterday, i, had, a, dream, that, i, had, kid, both, boy, i, wa, so, pissed, not, only, about, the, kid, but, them, being, boy, i, even, told, mark, in, my, dream, that, he, wa, changing, diaper, cause, im, not, getting, owed, in, the, face
0	yeah, i, imagine, he, would, be, really, gentle, unlike, the, other, doc, who, treat, their, patient, like, turkey
0	now, that, you, have, started, dont, stop, just, pray, for, more, good, idea, and, anything, i, see, that, can, help, you, guy, ill, forward, you, a, link
0	hi, darlin, im, on, helen, fone, im, gonna, b, up, the, prince, nite, please, come, up, tb, love, kate
0	im, in, office, now, dawhere, are, you
0	aiyar, u, so, poor, thing, i, give, u, my, support, k, jia, you, ill, think, of, u
0	oh, unintentionally, not, bad, timing, great, finger, the, train, play, along, will, give, fifteen, min, warning
0	kthen, come, wenever, u, lik, to, come, and, also, tel, vikky, to, come, by, getting, free, time
0	pls, call, me, da, what, happen
0	happy, new, year, to, u, and, ur, familymay, this, new, year, bring, happiness, stability, and, tranquility, to, ur, vibrant, colourful, life
0	no, problem, with, the, renewal, ill, do, it, right, away, but, i, dont, know, his, detail
0	idk, im, sitting, here, in, a, stop, and, shop, parking, lot, right, now, bawling, my, eye, out, because, i, feel, like, im, a, failure, in, everything, nobody, want, me, and, now, i, feel, like, im, failing, you
0	havent, left, yet, so, probably, gonna, be, here, til, dinner
0	like, ltgt, same, question
0	my, new, year, eve, wa, ok, i, went, to, a, party, with, my, boyfriend, who, is, this, si, then, hey
0	sir, i, need, velusamy, sir, date, of, birth, and, company, bank, facility, detail
0	k, k, sm, chat, with, me
0	i, will, come, with, karnan, car, please, wait, till, pm, will, directly, goto, doctor
0	no, but, the, bluray, player, can
0	ok, then, r, we, meeting, later
0	lol, no, i, just, need, to, cash, in, my, nitros, hurry, come, on, before, i, crash, out
0	just, send, a, text, well, skype, later
0	ok, leave, no, need, to, ask
0	still, got, lesson, in, sch
0	y, she, dun, believe, leh, i, tot, i, told, her, it, true, already, i, thk, she, muz, c, u, tog, then, she, believe
0	oh, did, you, charge, camera
0	ive, got, some, salt, you, can, rub, it, in, my, open, wound, if, you, like
0	now, im, going, for, lunch
0	im, in, school, now, n, ill, be, in, da, lab, doing, some, stuff, give, me, a, call, when, r, done
0	oh, k, i, will, come, tomorrow
0	aight, text, me, tonight, and, well, see, whats, up
0	u
0	water, logging, in, desert, geoenvironmental, implication
0	rajipls, do, me, a, favour, pls, convey, my, birthday, wish, to, nimya, pls, today, is, her, birthday
0	company, is, very, goodenvironment, is, terrific, and, food, is, really, nice
0	very, strange, and, are, watching, the, nd, one, now, but, im, in, bed, sweet, dream, miss, u
0	hi, hope, u, r, both, ok, he, said, he, would, text, and, he, hasnt, have, u, seen, him, let, me, down, gently, please
0	babe, i, fucking, love, you, too, you, know, fuck, it, wa, so, good, to, hear, your, voice, i, so, need, that, i, crave, it, i, cant, get, enough, i, adore, you, ahmad, kiss
0	k, sure, am, in, my, relative, home, sm, me, de, pls
0	i, sent, them, do, you, like
0	fuuuuck, i, need, to, stop, sleepin, sup
0	im, in, town, now, so, ill, jus, take, mrt, down, later
0	i, just, cooked, a, rather, nice, salmon, a, la, you
0	i, uploaded, mine, to, facebook
0	what, time, u, wrkin
0	okie
0	sorry, ill, call, later
0	oh, oh, den, muz, change, plan, liao, go, back, have, to, yan, jiu, again
0	it, wylie, you, in, tampa, or, sarasota
0	ok, take, ur, time, n, enjoy, ur, dinner
0	darren, wa, saying, dat, if, u, meeting, da, ge, den, we, dun, meet, dinner, co, later, u, leave, xy, will, feel, awkward, den, u, meet, him, lunch, lor
0	i, like, cheap, but, im, happy, to, splash, out, on, the, wine, if, it, make, you, feel, better
0	shes, fine, i, have, had, difficulty, with, her, phone, it, work, with, mine, can, you, pls, send, her, another, friend, request
0	ugh, my, leg, hurt, musta, overdid, it, on, mon
0	wot, student, discount, can, u, get, on, book
0	me, fineabsolutly, fine
0	how, come, she, can, get, it, should, b, quite, diff, to, guess, rite
0	i, will, reach, ur, home, in, ltgt, minute
0	babe, im, answering, you, cant, you, see, me, maybe, youd, better, reboot, ym, i, got, the, photo, it, great
0	hiwhat, you, think, about, match
0	i, know, you, are, thinkin, malaria, but, relax, child, cant, handle, malaria, she, would, have, been, worse, and, it, gastroenteritis, if, she, take, enough, to, replace, her, loss, her, temp, will, reduce, and, if, you, give, her, malaria, med, now, she, will, just, vomit, it, a, self, limiting, illness, she, ha, which, mean, in, a, few, day, it, will, completely, stop
0	dai, i, downloaded, but, there, is, only, exe, file, which, i, can, only, run, that, exe, after, installing
0	it, is, only, yesterday, true, true
0	kkhow, is, your, business, now
0	pa, but, not, selected
0	i, keep, ten, r, in, my, shelf, buy, two, egg
0	i, am, late, i, will, be, there, at
0	well, thats, nice, too, bad, i, cant, eat, it
0	i, accidentally, brought, em, home, in, the, box
0	pls, she, need, to, dat, slowly, or, she, will, vomit, more
0	i, have, to, take, exam, with, in, march
0	jane, babe, not, goin, wrk, feel, ill, after, lst, nite, foned, in, already, cover, me, chuck
0	nightswe, nt, staying, at, port, step, liaotoo, ex
0	if, i, die, i, want, u, to, have, all, my, stuff
0	oh, fuck, juswoke, up, in, a, bed, on, a, boatin, the, dock, slept, wid, year, old, spinout, giv, u, da, gossip, lr, xxx
0	smile, in, pleasure, smile, in, pain, smile, when, trouble, pours, like, rain, smile, when, sum, hurt, u, smile, becoz, someone, still, love, to, see, u, smiling
0	prabhaim, sorydarealyfrm, heart, im, sory
0	i, remet, alex, nichols, from, middle, school, and, it, turn, out, he, dealing
0	it, mean, u, could, not, keep, ur, word
0	nope, im, still, in, the, market
0	i, realise, you, are, a, busy, guy, and, im, trying, not, to, be, a, bother, i, have, to, get, some, exam, outta, the, way, and, then, try, the, car, do, have, a, gr, day
0	hey, what, how, about, your, project, started, aha, da
0	ok, cool, see, ya, then
0	am, on, the, uworld, site, am, i, buying, the, qbank, only, or, am, i, buying, it, with, the, self, assessment, also
0	your, opinion, about, me, over, jada, kusruthi, lovable, silent, spl, character, not, matured, stylish, simple, pls, reply
0	yeah, i, can, still, give, you, a, ride
0	jay, want, to, work, out, first, hows, sound
0	gud, gudk, chikku, tke, care, sleep, well, gud, nyt
0	it, a, part, of, checking, iq
0	hmm, thinking, lor
0	of, course, dont, tease, me, you, know, i, simply, must, see, grin, do, keep, me, posted, my, prey, loving, smile, devouring, kiss
0	thanks, for, the, temales, it, wa, wonderful, thank, have, a, great, week
0	thank, you, princess, i, want, to, see, your, nice, juicy, booty
0	havent, eaten, all, day, im, sitting, here, staring, at, this, juicy, pizza, and, i, cant, eat, it, these, med, are, ruining, my, life
0	gud, ni, dearslp, welltake, careswt, dreamsmuah
0	u, come, n, search, tat, vidnot, finishd
0	k, im, leaving, soon, be, there, a, little, after
0	yeah, work, is, fine, started, last, week, all, the, same, stuff, a, before, dull, but, easy, and, guy, are, fun
0	you, do, your, study, alone, without, anyones, help, if, you, cant, no, need, to, study
0	please, tell, me, not, all, of, my, car, key, are, in, your, purse
0	i, didnt, get, anything, da
0	ok, sweet, dream
0	well, shes, in, for, a, big, surprise
0	a, usualiam, fine, happy, amp, doing, well
0	in, cbe, in, chennai
0	can, help, u, swoop, by, picking, u, up, from, wherever, ur, other, bird, r, meeting, if, u, want
0	if, anyone, call, for, a, treadmill, say, youll, buy, it, make, sure, it, working, i, found, an, ad, on, craigslist, selling, for, ltgt
0	i, absolutely, love, south, park, i, only, recently, started, watching, the, office
0	did, you, see, that, film
0	pls, speak, with, me, i, wont, ask, anything, other, then, you, friendship
0	storming, msg, wen, u, lift, d, phne, u, say, hello, do, u, knw, wt, is, d, real, meaning, of, hello, it, d, name, of, a, girl, yes, and, u, knw, who, is, dat, girl, margaret, hello, she, is, d, girlfrnd, f, grahmbell, who, invnted, telphone, moralone, can, get, d, name, of, a, person, bt, not, his, girlfrnd, g, o, o, d, n, i, g, h, t
0	gud, niswt, drmstake, care
0	hi, darlin, it, kate, are, u, up, for, doin, somethin, tonight, im, going, to, a, pub, called, the, swan, or, something, with, my, parent, for, one, drink, so, phone, me, if, u, can
0	anything, lar, then, not, going, home, dinner
0	er, enjoyin, indian, at, the, moyep, sall, good, hehe, hows, bout, u, shexy, pete, xx
0	did, u, fix, the, teethif, not, do, it, asapok, take, care
0	so, u, wan, come, for, our, dinner, tonight, a, not
0	hellohow, u, doingwhat, u, been, up, when, will, u, b, moving, out, of, the, flat, co, i, will, need, to, arrange, to, pick, up, the, lamp, etc, take, care, hello, caroline
0	it, too, latebut, it, kwish, you, the, same
0	hi, hope, ur, day, good, back, from, walk, table, booked, for, half, eight, let, me, know, when, ur, coming, over
0	oh, yeah, clearly, it, my, fault
0	dunno, leh, cant, remember, mayb, lor, so, wat, time, r, we, meeting, tmr
0	best, msg, it, hard, to, be, with, a, person, when, u, know, that, one, more, step, foward, will, make, u, fall, in, love, amp, one, step, back, can, ruin, ur, friendship, good, night
0	helloooo, wake, up, sweet, morning, welcome, you, enjoy, this, day, with, full, of, joy, gud, mrng
0	vikky, come, around, lttimegt
0	and, how, you, will, do, that, princess
0	i, have, gone, into, get, info, bt, dont, know, what, to, do
0	yeah, probably, here, for, a, while
0	sent, me, ur, email, id, soon
0	im, still, pretty, weak, today, bad, day
0	hey, dont, forget, you, are, mine, for, me, my, possession, my, property, mmm, childish, smile
0	an, excellent, thought, by, a, misundrstud, frnd, i, knw, u, hate, me, bt, the, day, wen, ull, knw, the, truth, ull, hate, urself, gn
0	hey, congrats, u, id, luv, but, ive, had, go, home
0	dear, where, you, call, me
0	xy, trying, smth, now, u, eat, already, we, havent
0	i, donno, it, in, your, gene, or, something
0	alex, say, he, not, ok, with, you, not, being, ok, with, it
0	are, u, coming, to, the, funeral, home
0	my, darling, sister, how, are, you, doing, whens, school, resuming, is, there, a, minimum, wait, period, before, you, reapply, do, take, care
0	ill, hand, her, my, phone, to, chat, wit, u
0	well, good, morning, mr, hows, london, treatin, ya, treacle
0	i, cant, make, it, tonight
0	at, what, time, should, i, come, tomorrow
0	about, ltgt, buck, the, bank, fee, are, fixed, better, to, call, the, bank, and, find, out
0	i, can, but, it, will, tell, quite, long, co, i, havent, finish, my, film, yet
0	pls, ask, macho, how, much, is, budget, for, bb, bold, is, co, i, saw, a, new, one, for, ltgt, dollar
0	hi, missed, your, call, and, my, mumhas, beendropping, red, wine, all, over, theplace, what, is, your, adress
0	ill, be, at, yours, in, about, min, but, look, out, for, me
0	what, you, did, in, leave
0	im, coming, back, on, thursday, yay, is, it, gonna, be, ok, to, get, the, money, cheer, oh, yeah, and, how, are, you, everything, alright, hows, school, or, do, you, call, it, work, now
0	jolly, good, by, the, way, will, give, u, ticket, for, sat, eve, speak, before, then, x
0	yeah, thats, what, i, wa, thinking
0	kkim, going, to, tirunelvali, this, week, to, see, my, uncle, i, already, spend, the, amount, by, taking, dress, so, only, i, want, moneyi, will, give, it, on, feb
0	here, got, ur, favorite, oyster, n, got, my, favorite, sashimi, ok, lar, i, dun, say, already, wait, ur, stomach, start, rumbling
0	my, sister, going, to, earn, more, than, me, da
0	hahahause, your, brain, dear
0	jus, finish, watching, tv, u
0	k, fyi, im, back, in, my, parent, place, in, south, tampa, so, i, might, need, to, do, the, deal, somewhere, else
0	good, morning, my, love, i, go, to, sleep, now, and, wish, you, a, great, day, full, of, feeling, better, and, opportunity, you, are, my, last, thought, babe, i, love, you, kiss
0	kothi, print, out, marandratha
0	but, we, havent, got, da, topic, yet, rite
0	ok, no, problem, yup, im, going, to, sch, at, if, i, rem, correctly
0	thanks, ill, keep, that, in, mind
0	aah, bless, hows, your, arm
0	dear, sirsalam, alaikkumpride, and, pleasure, meeting, you, today, at, the, tea, shopwe, are, pleased, to, send, you, our, contact, number, at, qatarrakhesh, an, indianpls, save, our, numberrespectful, regard
0	gal, n, boy, walking, in, d, park, galcan, i, hold, ur, hand, boyy, do, u, think, i, would, run, away, galno, jst, wana, c, how, it, feel, walking, in, heaven, with, an, princegn
0	what, make, you, most, happy
0	wishing, you, a, wonderful, week
0	sweet, heart, how, are, you
0	sir, waiting, for, your, letter
0	dude, im, no, longer, a, pisces, im, an, aquarius, now
0	x, course, it, yr, just, so, her, message, on, messenger, lik, you, r, sending, me
0	i, think, steyn, surely, get, one, wicket
0	neither, in, sterm, voice, im, studying, all, fine, with, me, not, sure, the, thing, will, be, resolved, tho, anyway, have, a, fab, hols
0	garbage, bag, egg, jam, bread, hannaford, wheat, chex
0	no, it, not, pride, im, almost, ltgt, year, old, and, shouldnt, be, takin, money, from, my, kid, youre, not, supposed, to, have, to, deal, with, this, stuff, this, is, grownup, stuffwhy, i, dont, tell, you
0	sound, better, than, my, evening, im, just, doing, my, costume, im, not, sure, what, time, i, finish, tomorrow, but, i, will, txt, you, at, the, end
0	my, birthday, is, on, feb, ltgt, da
0	so, when, do, you, wanna, gym
0	youd, like, that, wouldnt, you, jerk
0	are, u, awake, is, there, snow, there
0	and, of, course, you, should, make, a, stink
0	no, go, no, opening, for, that, room, til, after, thanksgiving, without, an, upcharge
0	when, you, guy, planning, on, coming, over
0	wat, doing, now
0	my, parent, my, kidz, my, friend, n, my, colleague, all, screaming, surprise, and, i, wa, waiting, on, the, sofa, naked
0	no, sir, thats, why, i, had, an, hr, trip, on, the, bus, last, week, have, another, audition, next, wednesday, but, i, think, i, might, drive, this, time
0	do, i, i, thought, i, put, it, back, in, the, box
0	im, home
0	no, one, interested, may, be, some, business, plan
0	yup, it, at, paragon, i, havent, decided, whether, cut, yet, hee
0	good, morning, princess, have, a, great, day
0	guai, shd, haf, seen, him, when, he, naughty, so, free, today, can, go, jogging
0	aiyo, co, i, sm, then, neva, reply, so, i, wait, to, reply, lar, i, tot, havent, finish, ur, lab, wat
0	living, is, very, simple, loving, is, also, simple, laughing, is, too, simple, winning, is, tooo, simple, but, being, simple, is, very, difficult
0	tell, me, something, thats, okay
0	ok
0	hmm, shall, i, bring, a, bottle, of, wine, to, keep, u, amused, just, joking, ill, still, bring, a, bottle, red, or, white, see, you, tomorrow
0	this, is, ur, face, test, ltgt, select, any, number, i, will, tell, ur, face, astrology, am, waiting, quick, reply
0	hey, iouri, gave, me, your, number, im, wylie, ryans, friend
0	yep, get, with, the, program, youre, slacking
0	im, in, inside, officestill, filling, formsdon, know, when, they, leave, me
0	i, think, your, mentor, is, but, not, percent, sure
0	just, trying, to, figure, out, when, im, suppose, to, see, a, couple, different, people, this, week, we, said, wed, get, together, but, i, didnt, set, date
0	hi, mom, we, might, be, back, later, than, ltgt
0	lol, oh, you, got, a, friend, for, the, dog
0	ok, is, any, problem, to, u, frm, him, wats, matter
0	k, ill, head, out, in, a, few, min, see, you, there
0	do, u, konw, waht, is, rael, friendship, im, gving, yuo, an, exmpel, jsut, ese, tihs, msg, evrey, splleing, of, tihs, msg, is, wrnog, bt, sitll, yuo, can, raed, it, wihtuot, ayn, mitsake, goodnight, amp, have, a, nice, sleepsweet, dream
0	i, cant, pick, the, phone, right, now, pls, send, a, message
0	i, dont, want, you, to, leave, but, im, barely, doing, what, i, can, to, stay, sane, fighting, with, you, constantly, isnt, helping
0	somebody, set, up, a, website, where, you, can, play, hold, em, using, eve, online, spacebucks
0	it, sunny, in, california, the, weather, just, cool
0	i, can, make, it, up, there, squeezed, ltgt, buck, out, of, my, dad
0	good, day, to, you, toopray, for, meremove, the, teeth, a, it, painful, maintaining, other, stuff
0	how, are, you, babe, hope, your, doing, ok, i, had, a, shit, night, sleep, i, fell, asleep, at, im, knackered, and, im, dreading, work, tonight, what, are, thou, upto, tonight, x
0	how, do, friend, help, u, in, problem, they, give, the, most, stupid, suggestion, that, land, u, into, another, problem, and, help, u, forgt, the, previous, problem
0	im, at, work, please, call
0	i, will, be, gentle, baby, soon, you, will, be, taking, all, ltgt, inch, deep, inside, your, tight, pussy
0	not, much, no, fight, it, wa, a, good, nite
0	okok, okthenwhats, ur, today, plan
0	nt, joking, seriously, i, told
0	watching, ajith, film, ah
0	ooooooh, i, forgot, to, tell, u, i, can, get, on, yoville, on, my, phone
0	all, done, all, handed, in, dont, know, if, mega, shop, in, asda, count, a, celebration, but, thats, what, im, doing
0	i, dont, know, exactly, could, you, ask, chechi
0	dunno, lei, shd, b, driving, lor, co, i, go, sch, hr, oni
0	a, in, i, want, custom, officer, discount, oh
0	thats, necessarily, respectful
0	hi, hope, you, had, a, good, day, have, a, better, night
0	and, he, apparently, bffs, with, carly, quick, now
0	hard, but, true, how, much, you, show, amp, express, your, love, to, someonethat, much, it, will, hurt, when, they, leave, you, or, you, get, seperatedud, evening
0	babe, i, think, i, got, ur, brolly, i, left, it, in, english, wil, bring, it, in, mrw, u, luv, franxx
0	hi, babe, it, me, thanks, for, coming, even, though, it, didnt, go, that, welli, just, wanted, my, bed, hope, to, see, you, soon, love, and, kiss, xxx
0	so, gd, got, free, ice, cream, i, oso, wan
0	pls, give, her, prometazine, syrup, ml, then, ltgt, min, later, feed
0	so, how, many, day, since, then
0	dear, are, you, angry, i, wa, busy, dear
0	yup, he, msg, me, is, tat, yijue, then, i, tot, it, my, group, mate, co, we, meeting, today, mah, im, askin, if, leaving, earlier, or, wat, mah, co, mayb, haf, to, walk, v, far
0	are, you, in, the, pub
0	there, is, a, first, time, for, everything
0	daddy, shu, shu, is, looking, u, u, wan, me, tell, him, ure, not, in, singapore, or, wat
0	i, ask, if, u, meeting, da, ge, tmr, nite
0	gr, so, how, do, you, handle, the, victoria, island, traffic, plus, whens, the, album, due
0	nite, nite, pocay, wocay, luv, u, more, than, n, e, thing, eva, i, promise, ring, u, morrowxxxx
0	east, coast
0	you, should, get, more, chicken, broth, if, you, want, ramen, unless, there, some, i, dont, know, about
0	my, slave, i, want, you, to, take, or, picture, of, yourself, today, in, bright, light, on, your, cell, phone, bright, light
0	nope, i, just, forgot, will, show, next, week
0	so, how, are, you, really, what, are, you, up, to, hows, the, master, and, so, on
0	im, at, bruce, amp, fowler, now, but, im, in, my, mom, car, so, i, cant, park, long, story
0	i, dont, know, oh, hopefully, this, month
0	hi, elaine, is, today, meeting, confirmed
0	ok, ksry, i, knw, sivatats, y, i, askd
0	sorry, ill, call, later
0	u, horrible, gal, u, knew, dat, i, wa, going, out, wif, him, yest, n, u, still, come, n, ask, me
0	otherwise, had, part, time, job, natuition
0	oh, yeah, and, my, diet, just, flew, out, the, window
0	you, didnt, complete, your, gist, oh
0	er, yeah, i, will, b, there, at, sorry, just, tell, me, which, pubcafe, to, sit, in, and, come, wen, u, can
0	if, you, can, make, it, any, time, tonight, or, whenever, you, can, it, cool, just, text, me, whenever, youre, around
0	if, i, wa, i, wasnt, paying, attention
0	thanx, a, lot, ur, help
0	youre, gonna, have, to, be, way, more, specific, than, that
0	jesus, armand, really, is, trying, to, tell, everybody, he, can, find
0	im, wif, him, now, buying, tix, lar
0	mode, men, or, have, you, left
0	am, slow, in, using, biolas, fne
0	what, are, youdoing, later, sar, xxx
0	hey, ive, booked, the, lesson, on, sun, liao
0	thank, you, do, you, generally, date, the, brothas
0	by, the, way, make, sure, u, get, train, to, worc, foregate, street, not, shrub, hill, have, fun, night, x
0	i, thought, id, get, him, a, watch, just, co, thats, the, kind, of, thing, u, getanth, and, he, love, so, much
0	good, morning, at, the, repair, shopthe, only, reason, im, up, at, this, hour
0	and, thats, fine, i, got, enough, bud, to, last, most, of, the, night, at, least
0	i, am, back, good, journey, let, me, know, if, you, need, any, of, the, receipt, shall, i, tell, you, like, the, pendent
0	so, that, take, away, some, money, worry
0	aight, we, can, pick, some, up, you, open, before, tonight
0	sac, need, to, carry, on
0	just, sing, hu, i, think, it, also, important, to, find, someone, female, that, know, the, place, well, preferably, a, citizen, that, is, also, smart, to, help, you, navigate, through, even, thing, like, choosing, a, phone, plan, require, guidance, when, in, doubt, ask, especially, girl
0	what, hello, wats, talk, email, address
0	except, there, a, chick, with, huge, boob
0	im, just, wondering, what, your, doing, right, now
0	wishing, you, a, beautiful, day, each, moment, revealing, even, more, thing, to, keep, you, smiling, do, enjoy, it
0	arun, can, u, transfr, me, d, amt
0	sorry, ill, call, later
0	if, you, hear, a, loud, scream, in, about, ltgt, minute, it, cause, my, gyno, will, be, shoving, thing, up, me, that, dont, belong
0	ok, i, thk, i, got, it, then, u, wan, me, come, now, or, wat
0	u, goin, out, nite
0	i, will, treasure, every, moment, we, spend, together
0	shall, i, bring, u, a, bottle, of, wine, to, keep, u, amused, only, joking, ill, bring, one, anyway
0	ok, lor
0	i, thought, slide, is, enough
0	yup
0	well, obviously, not, because, all, the, people, in, my, cool, college, life, went, home
0	ok, lor, reaching, then, message, me
0	wheres, mummy, boy, is, he, being, good, or, bad, is, he, being, positive, or, negative, why, is, mummy, being, made, to, wait, hmmmm
0	dhoni, have, luck, to, win, some, big, titleso, we, will, win
0	yes, princess, i, want, to, please, you, every, night, your, wish, is, my, command
0	what, todaysundaysunday, is, holidayso, no, work
0	no, probably, ltgt
0	really, do, hope, the, work, doesnt, get, stressful, have, a, gr, day
0	have, you, seen, who, back, at, holby
0	shall, call, now, dear, having, food
0	so, li, hai, me, bored, now, da, lecturer, repeating, last, week, stuff, waste, time
0	and, picking, them, up, from, various, point, going, yeovil, and, they, will, do, the, motor, project, hour, and, then, u, take, them, home, max, very, easy
0	also, fuck, you, and, your, family, for, going, to, rhode, island, or, wherever, the, fuck, and, leaving, me, all, alone, the, week, i, have, a, new, bong, gt
0	ofcourse, i, also, upload, some, song
0	k, i, will, sent, it, again
0	oh, thanks, a, loti, already, bought, egg
0	k, i, will, sent, it, again
0	u, studying, in, sch, or, going, home, anyway, ill, b, going, sch, later
0	i, think, if, he, rule, tamilnaduthen, it, very, tough, for, our, people
0	cool, we, shall, go, and, see, have, to, go, to, tip, anyway, are, you, at, home, got, something, to, drop, in, later, so, let, go, to, town, tonight, maybe, mum, can, take, u, in
0	good, afternoon, my, love, how, go, your, day, how, did, you, sleep, i, hope, your, well, my, boytoy, i, think, of, you
0	yes, i, trust, u, to, buy, new, stuff, asap, so, i, can, try, it, out
0	why, did, i, wake, up, on, my, own, gt
0	now, get, step, outta, the, way, congrats, again
0	love, ha, one, law, make, happy, the, person, you, love, in, the, same, way, friendship, ha, one, law, never, make, ur, friend, feel, alone, until, you, are, alive, gud, night
0	apo, all, other, are, mokka, player, only
0	perhaps, is, much, easy, give, your, account, identification, so, i, will, tomorrow, at, uni
0	wait, i, will, msg, after, ltgt, min
0	what, i, told, before, i, tell, stupid, hear, after, i, wont, tell, anything, to, you, you, dad, called, to, my, brother, and, spoken, not, with, me
0	god, love, ha, no, limit, god, grace, ha, no, measure, god, power, ha, no, boundary, may, u, have, god, endless, blessing, always, in, ur, life, gud, ni
0	i, want, to, be, inside, you, every, night
0	machan, you, go, to, gym, tomorrow, i, wil, come, late, goodnight
0	lol, they, were, mad, at, first, but, then, they, woke, up, and, gave, in
0	i, went, to, project, centre
0	it, reassuring, in, this, crazy, world
0	just, making, dinner, you
0	yes, please, leave, at, ltgt, so, that, at, ltgt, we, can, leave
0	oh, okie, lorwe, go, on, sat
0	you, are, a, great, role, model, you, are, giving, so, much, and, i, really, wish, each, day, for, a, miracle, but, god, a, a, reason, for, everything, and, i, must, say, i, wish, i, knew, why, but, i, dont, ive, looked, up, to, you, since, i, wa, young, and, i, still, do, have, a, great, day
0	ya, im, referin, to, mei, ex, wat, no, ah, waitin, u, to, treat, somebody, shld, b, rich, liaoso, gd, den, u, dun, have, to, work, frm, tmr, onwards
0	mile, and, smile, r, made, frm, same, letter, but, do, u, know, d, difference, smile, on, ur, face, keep, me, happy, even, though, i, am, mile, away, from, u, keep, smiling, good, nyt
0	by, the, way, ive, put, a, skip, right, outside, the, front, of, the, house, so, you, can, see, which, house, it, is, just, pull, up, before, it
0	can, you, pls, send, me, that, company, name, in, saibaba, colany
0	no, i, dont, want, to, hear, anything
0	you, are, a, big, chic, common, declare
0	thats, cool, i, want, to, please, you
0	going, to, join, tomorrow
0	i, want, to, tell, you, how, bad, i, feel, that, basically, the, only, time, i, text, you, lately, are, when, i, need, drug
0	total, disappointment, when, i, texted, you, wa, the, craziest, shit, got
0	it, just, the, effect, of, irritation, just, ignore, it
0	what, about, this, one, then
0	i, think, that, tantrum, finished, so, yeah, ill, be, by, at, some, point
0	compliment, to, you, wa, away, from, the, system, how, your, side
0	happened, here, while, you, were, adventuring
0	hey, chief, can, you, give, me, a, bell, when, you, get, this, need, to, talk, to, you, about, this, royal, visit, on, the, st, june
0	ok, which, your, another, number
0	i, know, you, are, thinkin, malaria, but, relax, child, cant, handle, malaria, she, would, have, been, worse, and, it, gastroenteritis, if, she, take, enough, to, replace, her, loss, her, temp, will, reduce, and, if, you, give, her, malaria, med, now, she, will, just, vomit, it, a, self, limiting, illness, she, ha, which, mean, in, a, few, day, it, will, completely, stop
0	aiyah, ok, wat, a, long, a, got, improve, can, already, wat
0	i, cant, believe, how, attached, i, am, to, seeing, you, every, day, i, know, you, will, do, the, best, you, can, to, get, to, me, babe, i, will, go, to, teach, my, class, at, your, midnight
0	just, sleepingand, surfing
0	yeah, it, jus, rite
0	armand, say, get, your, as, over, to, epsilon
0	u, still, havent, got, urself, a, jacket, ah
0	im, taking, derek, amp, taylor, to, walmart, if, im, not, back, by, the, time, youre, done, just, leave, the, mouse, on, my, desk, and, ill, text, you, when, priscillas, ready
0	hi, it, in, durban, are, you, still, on, this, number
0	ic, there, are, a, lotta, childporn, car, then
0	no, i, wa, trying, it, all, weekend, v
0	you, know, wot, people, wear, t, shirt, jumper, hat, belt, is, all, we, know, we, r, at, cribbs
0	cool, what, time, you, think, you, can, get, here
0	wen, did, you, get, so, spiritual, and, deep, thats, great
0	have, a, safe, trip, to, nigeria, wish, you, happiness, and, very, soon, company, to, share, moment, with
0	hahahause, your, brain, dear
0	well, keep, in, mind, ive, only, got, enough, gas, for, one, more, round, trip, barring, a, sudden, influx, of, cash
0	yeh, indian, wa, nice, tho, it, did, kane, me, off, a, bit, he, he, we, shud, go, out, a, drink, sometime, soon, mite, hav, go, da, work, a, laugh, soon, love, pete, x, x
0	yes, i, have, so, thats, why, u, texted, pshewmissing, you, so, much
0	no, i, meant, the, calculation, is, the, same, that, ltgt, unit, at, ltgt, this, school, is, really, expensive, have, you, started, practicing, your, accent, because, it, important, and, have, you, decided, if, you, are, doing, year, of, dental, school, or, if, youll, just, do, the, nmde, exam
0	sorry, ill, call, later
0	if, you, arent, here, in, the, next, ltgt, hour, imma, flip, my, shit
0	anything, lor, juz, both, of, u, lor
0	get, me, out, of, this, dump, heap, my, mom, decided, to, come, to, lowes, boring
0	ok, lor, sony, ericsson, salesman, i, ask, shuhui, then, she, say, quite, gd, use, so, i, considering
0	ard, like, dat, lor
0	why, dont, you, wait, til, at, least, wednesday, to, see, if, you, get, your
0	huh, y, lei
0	will, b, going, to, esplanade, fr, home
0	pity, wa, in, mood, for, that, soany, other, suggestion
0	the, guy, did, some, bitching, but, i, acted, like, id, be, interested, in, buying, something, else, next, week, and, he, gave, it, to, u, for, free
0	rofl, it, true, to, it, name
1	recpt, you, have, ordered, a, ringtone, your, order, is, being, processed
1	a, one, of, our, registered, subscriber, u, can, enter, the, draw, a, gb, gift, voucher, by, replying, with, enter, to, unsubscribe, text, stop
1	for, your, chance, to, win, a, free, bluetooth, headset, then, simply, reply, back, with, adp
1	dont, b, floppy, b, snappy, happy, only, gay, chat, service, with, photo, upload, call, pmin, stop, our, text, call
1	urgent, ur, awarded, a, complimentary, trip, to, eurodisinc, trav, acoentry, or, to, claim, txt, dis, to, morefrmmob, shracomorsglsuplt, l, aj
1	welcome, to, ukmobiledate, this, msg, is, free, giving, you, free, calling, to, future, mg, billed, at, p, daily, to, cancel, send, go, stop, to
1	you, have, received, your, mobile, content, enjoy
1	want, explicit, sex, in, sec, ring, now, cost, pmin
1	latest, nokia, mobile, or, ipod, mp, player, proze, guaranteed, reply, with, win, to, now, norcorp, ltdmtmsgrcvd
1	sm, service, for, your, inclusive, text, credit, pls, goto, wwwcomuknet, login, qxj, unsubscribe, with, stop, no, extra, charge, help, comuk, cm, ae
1	mobile, club, choose, any, of, the, top, quality, item, for, your, mobile, cfcaa
1	money, i, have, won, wining, number, wot, do, i, do, next
1	congrats, mobile, g, videophones, r, yours, call, now, videochat, wid, ur, mate, play, java, game, dload, polyh, music, noline, rentl, bx, ip, we, pm
1	i, want, some, cock, my, hubby, away, i, need, a, real, man, satisfy, me, txt, wife, to, for, no, string, action, txt, stop, end, txt, rec, ea, otbox, la, w
1	gr, new, service, live, sex, video, chat, on, your, mob, see, the, sexiest, dirtiest, girl, live, on, ur, phone, detail, text, horny, to, to, cancel, send, stop, to
1	freemsg, hi, baby, wow, just, got, a, new, cam, moby, wanna, c, a, hot, pic, or, fancy, a, chatim, win, utxt, rply, chat, to, hlp, msgp, rcv
1	wanna, have, a, laugh, try, chitchat, on, your, mobile, now, logon, by, txting, the, word, chat, and, send, it, to, no, cm, po, box, london, wa, zf, pmsg, rcvd
1	urgent, this, is, the, nd, attempt, to, contact, uu, have, won, call, b, tcsbcmwcnxxcallcostppmmobilesvary, max
1	congratulation, ur, awarded, of, cd, voucher, or, gift, guaranteed, free, entry, wkly, draw, txt, music, to
1	had, your, contract, mobile, mnths, latest, motorola, nokia, etc, all, free, double, min, text, on, orange, tariff, text, yes, for, callback, no, to, remove, from, record
1	urgent, call, from, your, landline, your, complimentary, ibiza, holiday, or, cash, await, collection, sae, tc, po, box, sk, wp, ppm
1	for, ur, chance, to, win, a, wkly, shopping, spree, txt, shop, to, tscs, wwwtxtshopcom, custcare, xpwk
1	u, have, a, secret, admirer, who, is, looking, make, contact, with, ufind, out, who, they, rreveal, who, think, ur, so, specialcall, on, stopsmsppm
1	mila, age, blonde, new, in, uk, i, look, sex, with, uk, guy, if, u, like, fun, with, me, text, mtalk, to, pptxt, st, free, increment, help
1	well, done, england, get, the, official, poly, ringtone, or, colour, flag, on, yer, mobile, text, tone, or, flag, to, now, optout, txt, eng, stop, box, wwx
1	freemsg, txt, call, to, no, claim, your, reward, of, hour, talk, time, to, use, from, your, phone, now, subscribegbpmnth, inc, hr, stoptxtstop
1	sunshine, quiz, win, a, super, sony, dvd, recorder, if, you, canname, the, capital, of, australia, text, mquiz, to, b
1	please, call, our, customer, service, representative, on, between, ampm, a, you, have, won, a, guaranteed, cash, or, prize
1	today, voda, number, ending, with, are, selected, to, receive, a, reward, if, you, have, a, match, please, call, quoting, claim, code, standard, rate, apply
1	you, are, being, ripped, off, get, your, mobile, content, from, wwwclubmobycom, call, polytruepixringtonesgames, six, downloads, for, only
1	we, tried, to, contact, you, re, your, reply, to, our, offer, of, a, video, phone, anytime, any, network, min, half, price, line, rental, camcorder, reply, or, call
1	a, xmas, reward, is, waiting, for, you, our, computer, ha, randomly, picked, you, from, our, loyal, mobile, customer, to, receive, a, reward, just, call
1	private, your, account, statement, for, show, unredeemed, s, i, m, point, call, identifier, code, expires
1	customer, service, announcement, we, recently, tried, to, make, a, delivery, to, you, but, were, unable, to, do, so, please, call, to, reschedule, ref
1	hi, babe, it, chloe, how, r, u, i, wa, smashed, on, saturday, night, it, wa, great, how, wa, your, weekend, u, been, missing, me, sp, visionsmscom, text, stop, to, stop, ptext
1	urgent, your, mobile, no, wa, awarded, a, bonus, caller, prize, on, this, is, our, nd, attempt, to, contact, you, call, boxqu
1	win, we, have, a, winner, mr, t, foley, won, an, ipod, more, exciting, prize, soon, so, keep, an, eye, on, ur, mobile, or, visit, wwwwincouk
1	free, game, get, rayman, golf, free, from, the, o, game, arcade, st, get, ur, game, setting, reply, post, then, save, activ, press, key, for, arcade, termsapply
1	had, your, mobile, mths, update, to, the, latest, cameravideo, phone, for, free, keep, ur, same, number, get, extra, free, minstexts, text, yes, for, a, call
1	buy, space, invader, a, chance, win, orig, arcade, game, console, press, for, game, arcade, std, wap, charge, see, ocoukgames, term, setting, no, purchase
1	camera, you, are, awarded, a, sipix, digital, camera, call, fromm, landline, delivery, within, day
1	your, weekly, coolmob, tone, are, ready, to, download, this, week, new, tone, include, crazy, frogaxel, f, akonlonely, black, eyeddont, p, more, info, in, n
1	cashbincouk, get, lot, of, cash, this, weekend, wwwcashbincouk, dear, welcome, to, the, weekend, we, have, got, our, biggest, and, best, ever, cash, give, away, these
1	urgent, your, mobile, number, ha, been, awarded, with, a, prize, guaranteed, call, from, land, line, claim, valid, hr, only, ppm
1	thanks, your, continued, support, your, question, this, week, will, enter, u, in, our, draw, cash, name, the, new, u, president, txt, an, to
1	your, unique, user, id, is, for, removal, send, stop, to, customer, service
1	urgent, call, from, landline, your, complimentary, ibiza, holiday, or, cash, await, collection, sae, tc, po, box, sk, wp, ppm
1	urgent, this, is, our, nd, attempt, to, contact, u, your, prize, from, yesterday, is, still, awaiting, collection, to, claim, call, now
1	santa, calling, would, your, little, one, like, a, call, from, santa, xmas, eve, call, to, book, you, time, callsppm, last, min, s, tc, wwwsantacallingcom
1	private, your, account, statement, for, show, unredeemed, bonus, point, to, claim, call, identifier, code, expires
1	check, out, choose, your, babe, video, smsshsexnetun, fgkslpopw, fgkslpo
1	u, r, a, winner, u, ave, been, specially, selected, receive, cash, or, a, holiday, flight, inc, speak, to, a, live, operator, claim, pmin
1	new, mobile, from, must, go, txt, nokia, to, no, collect, yours, today, from, only, wwwtcbiz, optout, gbpmtmsg, txtauction
1	private, your, account, statement, for, show, unredeemed, s, i, m, point, call, identifier, code, expires
1	you, have, won, a, a, valued, vodafone, customer, our, computer, ha, picked, you, to, win, a, prize, to, collect, is, easy, just, call
1	free, messagethanks, for, using, the, auction, subscription, service, pmsgrcvd, skip, an, auction, txt, out, unsubscribe, txt, stop, customercare
1	bored, housewife, chat, n, date, now, btnational, rate, pmin, only, from, landline
1	lyricalladief, is, inviting, you, to, be, her, friend, reply, yes, or, no, see, her, wwwsmsacuhmmross, stop, send, stop, frnd, to
1	no, polyphonic, tone, ur, mob, every, week, just, txt, pt, to, st, tone, free, so, get, txtin, now, and, tell, ur, friend, ptone, reply, hl, info
1	today, vodafone, number, ending, with, are, selected, to, a, receive, a, award, if, your, number, match, call, to, receive, your, award
1	want, the, latest, video, handset, anytime, any, network, min, half, price, line, rental, reply, or, call, for, delivery, tomorrow
1	ou, are, guaranteed, the, latest, nokia, phone, a, gb, ipod, mp, player, or, a, prize, txt, word, collect, to, no, ibhltd, ldnwh, pmtmsgrcvd
1	free, polyphonic, ringtone, text, super, to, to, get, your, free, poly, tone, of, the, week, now, sn, pobox, nr, z, subscription, pw
1	warner, village, c, colin, farrell, in, swat, this, wkend, warner, village, get, free, med, popcornjust, show, msg, c, tc, kiosk, reply, sony, mre, film, offer
1	goal, arsenal, henry, v, liverpool, henry, score, with, a, simple, shot, from, yard, from, a, pas, by, bergkamp, to, give, arsenal, a, goal, margin, after, min
1	this, is, the, nd, time, we, have, tried, contact, u, u, have, won, the, pound, prize, claim, is, easy, call, now, only, p, per, min, btnationalrate
1	got, what, it, take, take, part, in, the, wrc, rally, in, oz, u, can, with, lucozade, energy, text, rally, le, to, p, see, pack, or, lucozadecoukwrc, itcould, be, u
1	hi, the, sexychat, girl, are, waiting, for, you, to, text, them, text, now, for, a, great, night, chatting, send, stop, to, stop, this, service
1	great, news, call, freefone, to, claim, your, guaranteed, cash, or, gift, speak, to, a, live, operator, now
1	hi, this, is, amy, we, will, be, sending, you, a, free, phone, number, in, a, couple, of, day, which, will, give, you, an, access, to, all, the, adult, party
1	welcome, to, select, an, o, service, with, added, benefit, you, can, now, call, our, specially, trained, advisor, free, from, your, mobile, by, dialling
1	dear, voucher, holder, have, your, next, meal, on, u, use, the, following, link, on, your, pc, enjoy, a, dining, experiencehttpwwwvouchmecometlpdiningasp
1	urgent, we, are, trying, to, contact, u, today, draw, show, that, you, have, won, a, prize, guaranteed, call, from, land, line, claim, valid, hr, only
1	you, can, donate, to, unicef, asian, tsunami, disaster, support, fund, by, texting, donate, to, will, be, added, to, your, next, bill
1	goldviking, m, is, inviting, you, to, be, his, friend, reply, yes, or, no, see, him, wwwsmsacugoldviking, stop, send, stop, frnd, to
1	phony, award, today, voda, number, ending, xxxx, are, selected, to, receive, a, award, if, you, have, a, match, please, call, quoting, claim, code, standard, rate, app
1	cd, u, congratulation, ur, awarded, of, cd, gift, voucher, or, gift, guaranteed, freeentry, wkly, draw, xt, music, to, tncs, wwwldewcomwinppmxage
1	you, have, won, a, guaranteed, cash, or, a, prize, to, claim, yr, prize, call, our, customer, service, representative, on, between, ampm, cost, p
1	dear, xxxxxxx, uve, been, invited, to, xchat, this, is, our, final, attempt, to, contact, u, txt, chat, to, pmsgrcvdhgsuitelandsrowwjhl, ldn, yr
1	ur, cashbalance, is, currently, pound, to, maximize, ur, cashin, now, send, go, to, only, pmeg, cc, hgsuitelands, rowwjhl
1	private, your, account, statement, for, show, unredeemed, sim, point, call, identifier, codexx, expires
1	id, like, to, tell, you, my, deepest, darkest, fantasy, call, me, just, pmin, to, stop, text, call, nat, rate
1	you, wont, believe, it, but, it, true, it, incredible, txts, reply, g, now, to, learn, truly, amazing, thing, that, will, blow, your, mind, from, ofwd, only, ptxt
1	natalie, f, is, inviting, you, to, be, her, friend, reply, yes, or, no, see, her, wwwsmsacunataliek, stop, send, stop, frnd, to
1	jamster, to, get, your, free, wallpaper, text, heart, to, now, tc, apply, only, need, help, call
1	double, min, double, txt, price, linerental, on, latest, orange, bluetooth, mobile, call, mobileupd, for, the, very, latest, offer, or, calloptoutlf
1	free, video, camera, phone, with, half, price, line, rental, for, mths, and, cross, ntwk, min, txts, call, mobileupd, or, calloptout
1	uk, break, accommodationvouchers, term, condition, apply, claim, you, mustprovide, your, claim, number, which, is
1	p, alfie, moon, child, in, need, song, on, ur, mob, tell, ur, m, txt, tone, charity, to, for, nokias, or, poly, charity, for, polys, zed, profit, charity
1	win, a, shopping, spree, every, week, starting, now, play, text, store, to, skilgme, tscs, winawk, age, perweeksub
1	this, is, the, nd, attempt, to, contract, u, you, have, won, this, week, top, prize, of, either, cash, or, prize, just, call
1	do, you, want, a, new, nokia, i, colour, phone, deliveredtomorrow, with, free, minute, to, any, mobile, free, text, free, camcorder, reply, or, call
1	themobhit, the, link, to, get, a, premium, pink, panther, game, the, new, no, from, sugababes, a, crazy, zebra, animation, or, a, badass, hoody, wallpaperall, free
1	this, msg, is, for, your, mobile, content, order, it, ha, been, resent, a, previous, attempt, failed, due, to, network, error, query, to
1	you, have, new, message, please, call
1	december, only, had, your, mobile, mths, you, are, entitled, to, update, to, the, latest, colour, camera, mobile, for, free, call, the, mobile, update, vco, free, on
1	get, lion, england, tone, reply, lionm, mono, or, lionp, poly, more, go, wwwringtonescouk, the, original, n, best, tone, gbp, network, operator, rate, apply
1	private, your, account, statement, for
1	you, ve, won, your, costa, del, sol, holiday, or, await, collection, call, now, toclaim, sae, tc, s, pobox, stockport, skxh, costpm, maxmins
1	free, for, st, week, no, nokia, tone, ur, mobile, every, week, just, txt, nokia, to, get, txting, and, tell, ur, mate, wwwgetzedcouk, pobox, wwq, normptone
1	get, your, garden, ready, for, summer, with, a, free, selection, of, summer, bulb, and, seed, worth, only, with, the, scotsman, this, saturday, to, stop, go, notxtcouk
1	congrats, mobile, g, videophones, r, yours, call, now, videochat, wid, ur, mate, play, java, game, dload, polyph, music, noline, rentl, bx, ip, we, p
1	sm, auction, a, brand, new, nokia, is, up, auction, today, auction, is, free, join, take, part, txt, nokia, to, now
1	ree, entry, in, a, weekly, comp, for, a, chance, to, win, an, ipod, txt, pod, to, to, get, entry, std, txt, rate, tc, apply, for, detail
1	our, record, indicate, u, maybe, entitled, to, pound, in, compensation, for, the, accident, you, had, to, claim, free, reply, with, claim, to, this, msg, stop, txt, stop
1	spook, up, your, mob, with, a, halloween, collection, of, a, logo, pic, message, plus, a, free, eerie, tone, txt, card, spook, to, zed, p, per, logopic
1	call, germany, for, only, penny, per, minute, call, from, a, fixed, line, via, access, number, no, prepayment, direct, access, wwwtelediscountcouk
1	you, ve, won, your, costa, del, sol, holiday, or, await, collection, call, now, toclaim, sae, tc, s, pobox, stockport, skxh, costpm, maxmins
1	had, your, mobile, mths, update, for, free, to, orange, latest, colour, camera, mobile, unlimited, weekend, call, call, mobile, upd, on, freefone, or, stoptxt
1	natalja, f, is, inviting, you, to, be, her, friend, reply, yes, or, no, see, her, wwwsmsacunat, stop, send, stop, frnd, to
1	private, your, account, statement, for, fone, no, show, unredeemed, s, i, m, point, call, identifier, code, expires
1	you, are, chosen, to, receive, a, award, pls, call, claim, number, to, collect, your, award, which, you, are, selected, to, receive, a, a, valued, mobile, customer
1	someonone, you, know, is, trying, to, contact, you, via, our, dating, service, to, find, out, who, it, could, be, call, from, your, mobile, or, landline, boxskch
1	urgent, please, call, from, a, landline, cash, or, a, holiday, await, collection, t, c, sae, po, box, mxy
1	if, you, dont, your, prize, will, go, to, another, customer, tc, at, wwwtcbiz, pmin, polo, ltd, suite, london, wj, hl, please, call, back, if, busy
1	urgent, your, mobile, number, ha, been, awarded, with, a, prize, guaranteed, call, from, land, line, claim, valid, hr, only, ppm
1	urgent, you, have, won, a, week, free, membership, in, our, prize, jackpot, txt, the, word, claim, to, no, tc, wwwdbuknet, lccltd, pobox, ldnwarw
1	urgent, please, call, from, landline, cash, or, a, luxury, canary, island, holiday, await, collection, tc, sae, po, box, mxy, ppm
1	xmas, iscoming, ur, awarded, either, cd, gift, voucher, free, entry, r, weekly, draw, txt, music, to, tnc, wwwldewcomwinppmxagesubscription
1	get, the, official, england, poly, ringtone, or, colour, flag, on, yer, mobile, for, tonight, game, text, tone, or, flag, to, optout, txt, eng, stop, box, wwx
1	u, r, subscribed, textcomp, wkly, comp, st, wks, free, question, follows, subsequent, wks, msg, unsubscribe, txt, stop, custcare
1	call, and, send, our, girl, into, erotic, ecstacy, just, pmin, to, stop, text, call, nat, rate
1	camera, you, are, awarded, a, sipix, digital, camera, call, fromm, landline, delivery, within, day
1	a, xmas, reward, is, waiting, for, you, our, computer, ha, randomly, picked, you, from, our, loyal, mobile, customer, to, receive, a, reward, just, call
1	important, message, this, is, a, final, contact, attempt, you, have, important, message, waiting, out, our, customer, claim, dept, expires, call, now
1	datingi, have, had, two, of, these, only, started, after, i, sent, a, text, to, talk, sport, radio, last, week, any, connection, do, you, think, or, coincidence
1	the, current, leading, bid, is, to, pause, this, auction, send, out, customer, care
1	free, entry, to, the, grprizes, wkly, comp, a, chance, to, win, the, latest, nokia, psp, or, cash, every, wktxt, great, to, httpwwwgrprizescom
1	you, have, new, message, call
1	santa, calling, would, your, little, one, like, a, call, from, santa, xmas, eve, call, to, book, your, time
1	you, have, won, a, guaranteed, award, or, maybe, even, cash, to, claim, ur, award, call, free, on, it, a, legitimat, efreefone, number, wat, do, u, think
1	latest, news, police, station, toilet, stolen, cop, have, nothing, to, go, on
1	for, the, most, sparkling, shopping, break, from, per, person, call, or, visit, wwwshortbreaksorguk
1	december, only, had, your, mobile, mths, you, are, entitled, to, update, to, the, latest, colour, camera, mobile, for, free, call, the, mobile, update, co, free, on
1	txt, call, to, no, claim, your, reward, of, hour, talk, time, to, use, from, your, phone, now, subscribegbpmnth, inc, hr, stoptxtstop, wwwgambtv
1	httptms, widelivecomindex, wmlidadafirsttruec, c, ringtone
1	get, your, garden, ready, for, summer, with, a, free, selection, of, summer, bulb, and, seed, worth, only, with, the, scotsman, this, saturday, to, stop, go, notxtcouk
1	urgent, last, weekend, draw, show, that, you, have, won, cash, or, a, spanish, holiday, call, now, to, claim, tc, rstm, sw, s, ppm
1	urgent, we, are, trying, to, contact, you, last, weekend, draw, show, u, have, won, a, prize, guaranteed, call, claim, code, k, valid, hr, p, pm
1	p, per, min, to, call, germany, from, your, bt, line, just, p, per, min, check, planettalkinstantcom, for, info, t, c, text, stop, to, opt, out
1	marvel, mobile, play, the, official, ultimate, spiderman, game, on, ur, mobile, right, now, text, spider, to, for, the, game, we, ll, send, u, a, free, ball, wallpaper
1	sm, service, for, your, inclusive, text, credit, pls, goto, wwwcomuknet, login, qxj, unsubscribe, with, stop, no, extra, charge, help, comuk, cm, ae
1	private, your, account, statement, for, show, unredeemed, s, i, m, point, call, identifier, code, expires
1	you, are, awarded, a, sipix, digital, camera, call, from, landline, delivery, within, day, t, c, box, mbp, yr, warranty, ppm, p, p
1	private, your, account, statement, for, show, unredeemed, sim, point, call, identifier, code, expires
1	want, explicit, sex, in, sec, ring, now, cost, pmin, gsex, pobox, wcn, xx
1	asked, mobile, if, chatlines, inclu, in, free, min, india, cust, servs, sed, yes, ler, got, mega, bill, dont, giv, a, shit, bailiff, due, in, day, i, o, want
1	had, your, contract, mobile, mnths, latest, motorola, nokia, etc, all, free, double, min, text, on, orange, tariff, text, yes, for, callback, no, to, remove, from, record
1	reminder, from, o, to, get, pound, free, call, credit, and, detail, of, great, offer, pls, reply, this, text, with, your, valid, name, house, no, and, postcode
1	this, is, the, nd, time, we, have, tried, contact, u, u, have, won, the, pound, prize, claim, is, easy, call, now, only, p, per, minute, btnationalrate
